"yrmo","use","fwc_n_pos","fwc_n_le1e3","fwc_n_1e3_1e4","fwc_n_1e4_1e5","fwc_n_1e5_1e6","fwc_n_gt1e6","unclip_n_pos","unclip_n_le1e3","unclip_n_1e3_1e4","unclip_n_1e4_1e5","unclip_n_1e5_1e6","unclip_n_gt1e6","viirs_n_pos","viirs_n_le1e3","viirs_n_1e3_1e4","viirs_n_1e4_1e5","viirs_n_1e5_1e6","viirs_n_gt1e6","modis_n_pos","modis_n_le1e3","modis_n_1e3_1e4","modis_n_1e4_1e5","modis_n_1e5_1e6","modis_n_gt1e6","hull_n_pos","hull_n_le1e3","hull_n_1e3_1e4","hull_n_1e4_1e5","hull_n_1e5_1e6","hull_n_gt1e6","final_n_pos","final_n_le1e3","final_n_1e3_1e4","final_n_1e4_1e5","final_n_1e5_1e6","final_n_gt1e6"
"198501","pred",NA,NA,NA,NA,NA,NA,NA,NA,NA,NA,NA,NA,NA,NA,NA,NA,NA,NA,NA,NA,NA,NA,NA,NA,0,0,0,0,0,0,0,0,0,0,0,0
"198502","pred",NA,NA,NA,NA,NA,NA,NA,NA,NA,NA,NA,NA,NA,NA,NA,NA,NA,NA,NA,NA,NA,NA,NA,NA,0,0,0,0,0,0,0,0,0,0,0,0
"198503","pred",NA,NA,NA,NA,NA,NA,NA,NA,NA,NA,NA,NA,NA,NA,NA,NA,NA,NA,NA,NA,NA,NA,NA,NA,0,0,0,0,0,0,0,0,0,0,0,0
"198504","pred",NA,NA,NA,NA,NA,NA,NA,NA,NA,NA,NA,NA,NA,NA,NA,NA,NA,NA,NA,NA,NA,NA,NA,NA,0,0,0,0,0,0,0,0,0,0,0,0
"198505","pred",NA,NA,NA,NA,NA,NA,NA,NA,NA,NA,NA,NA,NA,NA,NA,NA,NA,NA,NA,NA,NA,NA,NA,NA,0,0,0,0,0,0,0,0,0,0,0,0
"198506","pred",NA,NA,NA,NA,NA,NA,NA,NA,NA,NA,NA,NA,NA,NA,NA,NA,NA,NA,NA,NA,NA,NA,NA,NA,0,0,0,0,0,0,0,0,0,0,0,0
"198507","pred",NA,NA,NA,NA,NA,NA,NA,NA,NA,NA,NA,NA,NA,NA,NA,NA,NA,NA,NA,NA,NA,NA,NA,NA,0,0,0,0,0,0,0,0,0,0,0,0
"198508","pred",NA,NA,NA,NA,NA,NA,NA,NA,NA,NA,NA,NA,NA,NA,NA,NA,NA,NA,NA,NA,NA,NA,NA,NA,0,0,0,0,0,0,0,0,0,0,0,0
"198509","pred",9,3,1,1,4,0,3838,0,30,3789,19,0,NA,NA,NA,NA,NA,NA,NA,NA,NA,NA,NA,NA,55,0,24,18,13,0,55,0,24,18,13,0
"198510","pred",22,5,6,3,5,3,3838,0,15,3809,14,0,NA,NA,NA,NA,NA,NA,NA,NA,NA,NA,NA,NA,82,0,15,53,14,0,82,0,15,53,14,0
"198511","pred",12,5,2,1,4,0,3838,0,0,0,3838,0,NA,NA,NA,NA,NA,NA,NA,NA,NA,NA,NA,NA,54,0,0,0,54,0,54,0,0,0,54,0
"198512","pred",NA,NA,NA,NA,NA,NA,NA,NA,NA,NA,NA,NA,NA,NA,NA,NA,NA,NA,NA,NA,NA,NA,NA,NA,0,0,0,0,0,0,0,0,0,0,0,0
"198601","pred",NA,NA,NA,NA,NA,NA,NA,NA,NA,NA,NA,NA,NA,NA,NA,NA,NA,NA,NA,NA,NA,NA,NA,NA,0,0,0,0,0,0,0,0,0,0,0,0
"198602","pred",NA,NA,NA,NA,NA,NA,NA,NA,NA,NA,NA,NA,NA,NA,NA,NA,NA,NA,NA,NA,NA,NA,NA,NA,0,0,0,0,0,0,0,0,0,0,0,0
"198603","pred",NA,NA,NA,NA,NA,NA,NA,NA,NA,NA,NA,NA,NA,NA,NA,NA,NA,NA,NA,NA,NA,NA,NA,NA,0,0,0,0,0,0,0,0,0,0,0,0
"198604","pred",NA,NA,NA,NA,NA,NA,NA,NA,NA,NA,NA,NA,NA,NA,NA,NA,NA,NA,NA,NA,NA,NA,NA,NA,0,0,0,0,0,0,0,0,0,0,0,0
"198605","pred",NA,NA,NA,NA,NA,NA,NA,NA,NA,NA,NA,NA,NA,NA,NA,NA,NA,NA,NA,NA,NA,NA,NA,NA,0,0,0,0,0,0,0,0,0,0,0,0
"198606","pred",NA,NA,NA,NA,NA,NA,NA,NA,NA,NA,NA,NA,NA,NA,NA,NA,NA,NA,NA,NA,NA,NA,NA,NA,0,0,0,0,0,0,0,0,0,0,0,0
"198607","pred",NA,NA,NA,NA,NA,NA,NA,NA,NA,NA,NA,NA,NA,NA,NA,NA,NA,NA,NA,NA,NA,NA,NA,NA,0,0,0,0,0,0,0,0,0,0,0,0
"198608","pred",NA,NA,NA,NA,NA,NA,NA,NA,NA,NA,NA,NA,NA,NA,NA,NA,NA,NA,NA,NA,NA,NA,NA,NA,0,0,0,0,0,0,0,0,0,0,0,0
"198609","pred",53,9,7,11,26,0,3838,0,0,10,3826,2,NA,NA,NA,NA,NA,NA,NA,NA,NA,NA,NA,NA,90,0,0,9,79,2,90,0,0,9,79,2
"198610","pred",56,5,7,3,19,22,3838,0,40,3769,23,6,NA,NA,NA,NA,NA,NA,NA,NA,NA,NA,NA,NA,98,0,36,43,13,6,98,0,36,43,13,6
"198611","pred",9,4,1,2,2,0,3838,0,24,3811,3,0,NA,NA,NA,NA,NA,NA,NA,NA,NA,NA,NA,NA,29,0,20,7,2,0,29,0,20,7,2,0
"198612","pred",22,9,7,5,1,0,3838,0,8,3830,0,0,NA,NA,NA,NA,NA,NA,NA,NA,NA,NA,NA,NA,35,0,7,28,0,0,35,0,7,28,0,0
"198701","pred",24,5,13,4,2,0,3838,0,3807,31,0,0,NA,NA,NA,NA,NA,NA,NA,NA,NA,NA,NA,NA,59,0,38,21,0,0,59,0,38,21,0,0
"198702","pred",23,10,6,3,3,1,3838,0,0,0,3838,0,NA,NA,NA,NA,NA,NA,NA,NA,NA,NA,NA,NA,84,0,0,0,84,0,84,0,0,0,84,0
"198703","pred",3,1,1,1,0,0,NA,NA,NA,NA,NA,NA,NA,NA,NA,NA,NA,NA,NA,NA,NA,NA,NA,NA,0,0,0,0,0,0,0,0,0,0,0,0
"198704","pred",0,0,0,0,0,0,NA,NA,NA,NA,NA,NA,NA,NA,NA,NA,NA,NA,NA,NA,NA,NA,NA,NA,0,0,0,0,0,0,0,0,0,0,0,0
"198705","pred",61,14,16,19,6,6,3838,0,0,3780,56,2,NA,NA,NA,NA,NA,NA,NA,NA,NA,NA,NA,NA,130,0,0,87,41,2,130,0,0,87,41,2
"198706","pred",30,3,14,9,4,0,3838,0,0,3838,0,0,NA,NA,NA,NA,NA,NA,NA,NA,NA,NA,NA,NA,71,0,0,71,0,0,71,0,0,71,0,0
"198707","pred",0,0,0,0,0,0,NA,NA,NA,NA,NA,NA,NA,NA,NA,NA,NA,NA,NA,NA,NA,NA,NA,NA,0,0,0,0,0,0,0,0,0,0,0,0
"198708","pred",14,11,1,2,0,0,3838,0,3838,0,0,0,NA,NA,NA,NA,NA,NA,NA,NA,NA,NA,NA,NA,45,0,45,0,0,0,45,0,45,0,0,0
"198709","pred",24,8,10,5,1,0,3838,0,0,3838,0,0,NA,NA,NA,NA,NA,NA,NA,NA,NA,NA,NA,NA,38,0,0,38,0,0,38,0,0,38,0,0
"198710","pred",2,1,1,0,0,0,NA,NA,NA,NA,NA,NA,NA,NA,NA,NA,NA,NA,NA,NA,NA,NA,NA,NA,0,0,0,0,0,0,0,0,0,0,0,0
"198711","pred",0,0,0,0,0,0,NA,NA,NA,NA,NA,NA,NA,NA,NA,NA,NA,NA,NA,NA,NA,NA,NA,NA,0,0,0,0,0,0,0,0,0,0,0,0
"198712","pred",0,0,0,0,0,0,NA,NA,NA,NA,NA,NA,NA,NA,NA,NA,NA,NA,NA,NA,NA,NA,NA,NA,0,0,0,0,0,0,0,0,0,0,0,0
"198801","pred",0,0,0,0,0,0,NA,NA,NA,NA,NA,NA,NA,NA,NA,NA,NA,NA,NA,NA,NA,NA,NA,NA,0,0,0,0,0,0,0,0,0,0,0,0
"198802","pred",1,0,1,0,0,0,NA,NA,NA,NA,NA,NA,NA,NA,NA,NA,NA,NA,NA,NA,NA,NA,NA,NA,0,0,0,0,0,0,0,0,0,0,0,0
"198803","pred",0,0,0,0,0,0,NA,NA,NA,NA,NA,NA,NA,NA,NA,NA,NA,NA,NA,NA,NA,NA,NA,NA,0,0,0,0,0,0,0,0,0,0,0,0
"198804","pred",0,0,0,0,0,0,NA,NA,NA,NA,NA,NA,NA,NA,NA,NA,NA,NA,NA,NA,NA,NA,NA,NA,0,0,0,0,0,0,0,0,0,0,0,0
"198805","pred",0,0,0,0,0,0,NA,NA,NA,NA,NA,NA,NA,NA,NA,NA,NA,NA,NA,NA,NA,NA,NA,NA,0,0,0,0,0,0,0,0,0,0,0,0
"198806","pred",0,0,0,0,0,0,NA,NA,NA,NA,NA,NA,NA,NA,NA,NA,NA,NA,NA,NA,NA,NA,NA,NA,0,0,0,0,0,0,0,0,0,0,0,0
"198807","pred",0,0,0,0,0,0,NA,NA,NA,NA,NA,NA,NA,NA,NA,NA,NA,NA,NA,NA,NA,NA,NA,NA,0,0,0,0,0,0,0,0,0,0,0,0
"198808","pred",0,0,0,0,0,0,NA,NA,NA,NA,NA,NA,NA,NA,NA,NA,NA,NA,NA,NA,NA,NA,NA,NA,0,0,0,0,0,0,0,0,0,0,0,0
"198809","pred",0,0,0,0,0,0,NA,NA,NA,NA,NA,NA,NA,NA,NA,NA,NA,NA,NA,NA,NA,NA,NA,NA,0,0,0,0,0,0,0,0,0,0,0,0
"198810","pred",40,10,15,6,9,0,3838,0,0,0,3838,0,NA,NA,NA,NA,NA,NA,NA,NA,NA,NA,NA,NA,102,0,0,0,102,0,102,0,0,0,102,0
"198811","pred",22,7,3,6,4,2,3838,0,0,0,0,3838,NA,NA,NA,NA,NA,NA,NA,NA,NA,NA,NA,NA,109,0,0,0,0,109,109,0,0,0,0,109
"198812","pred",3,1,2,0,0,0,NA,NA,NA,NA,NA,NA,NA,NA,NA,NA,NA,NA,NA,NA,NA,NA,NA,NA,0,0,0,0,0,0,0,0,0,0,0,0
"198901","pred",0,0,0,0,0,0,NA,NA,NA,NA,NA,NA,NA,NA,NA,NA,NA,NA,NA,NA,NA,NA,NA,NA,0,0,0,0,0,0,0,0,0,0,0,0
"198902","pred",0,0,0,0,0,0,NA,NA,NA,NA,NA,NA,NA,NA,NA,NA,NA,NA,NA,NA,NA,NA,NA,NA,0,0,0,0,0,0,0,0,0,0,0,0
"198903","pred",16,1,5,7,3,0,3838,0,4,3830,4,0,NA,NA,NA,NA,NA,NA,NA,NA,NA,NA,NA,NA,33,0,4,25,4,0,33,0,4,25,4,0
"198904","pred",30,4,12,7,7,0,3838,0,0,0,3838,0,NA,NA,NA,NA,NA,NA,NA,NA,NA,NA,NA,NA,30,0,0,0,30,0,30,0,0,0,30,0
"198905","pred",6,5,1,0,0,0,3838,0,3838,0,0,0,NA,NA,NA,NA,NA,NA,NA,NA,NA,NA,NA,NA,19,0,19,0,0,0,19,0,19,0,0,0
"198906","pred",0,0,0,0,0,0,NA,NA,NA,NA,NA,NA,NA,NA,NA,NA,NA,NA,NA,NA,NA,NA,NA,NA,0,0,0,0,0,0,0,0,0,0,0,0
"198907","pred",0,0,0,0,0,0,NA,NA,NA,NA,NA,NA,NA,NA,NA,NA,NA,NA,NA,NA,NA,NA,NA,NA,0,0,0,0,0,0,0,0,0,0,0,0
"198908","pred",0,0,0,0,0,0,NA,NA,NA,NA,NA,NA,NA,NA,NA,NA,NA,NA,NA,NA,NA,NA,NA,NA,0,0,0,0,0,0,0,0,0,0,0,0
"198909","pred",0,0,0,0,0,0,NA,NA,NA,NA,NA,NA,NA,NA,NA,NA,NA,NA,NA,NA,NA,NA,NA,NA,0,0,0,0,0,0,0,0,0,0,0,0
"198910","pred",0,0,0,0,0,0,NA,NA,NA,NA,NA,NA,NA,NA,NA,NA,NA,NA,NA,NA,NA,NA,NA,NA,0,0,0,0,0,0,0,0,0,0,0,0
"198911","pred",0,0,0,0,0,0,NA,NA,NA,NA,NA,NA,NA,NA,NA,NA,NA,NA,NA,NA,NA,NA,NA,NA,0,0,0,0,0,0,0,0,0,0,0,0
"198912","pred",0,0,0,0,0,0,NA,NA,NA,NA,NA,NA,NA,NA,NA,NA,NA,NA,NA,NA,NA,NA,NA,NA,0,0,0,0,0,0,0,0,0,0,0,0
"199001","pred",0,0,0,0,0,0,NA,NA,NA,NA,NA,NA,NA,NA,NA,NA,NA,NA,NA,NA,NA,NA,NA,NA,0,0,0,0,0,0,0,0,0,0,0,0
"199002","pred",11,2,4,1,4,0,3838,0,0,3795,43,0,NA,NA,NA,NA,NA,NA,NA,NA,NA,NA,NA,NA,25,0,0,18,7,0,25,0,0,18,7,0
"199003","pred",7,1,6,0,0,0,0,0,0,0,0,0,NA,NA,NA,NA,NA,NA,NA,NA,NA,NA,NA,NA,0,0,0,0,0,0,0,0,0,0,0,0
"199004","pred",1,0,1,0,0,0,NA,NA,NA,NA,NA,NA,NA,NA,NA,NA,NA,NA,NA,NA,NA,NA,NA,NA,0,0,0,0,0,0,0,0,0,0,0,0
"199005","pred",0,0,0,0,0,0,NA,NA,NA,NA,NA,NA,NA,NA,NA,NA,NA,NA,NA,NA,NA,NA,NA,NA,0,0,0,0,0,0,0,0,0,0,0,0
"199006","pred",0,0,0,0,0,0,NA,NA,NA,NA,NA,NA,NA,NA,NA,NA,NA,NA,NA,NA,NA,NA,NA,NA,0,0,0,0,0,0,0,0,0,0,0,0
"199007","pred",13,0,10,3,0,0,3838,0,3796,42,0,0,NA,NA,NA,NA,NA,NA,NA,NA,NA,NA,NA,NA,81,0,77,4,0,0,81,0,77,4,0,0
"199008","pred",10,2,8,0,0,0,3838,0,3838,0,0,0,NA,NA,NA,NA,NA,NA,NA,NA,NA,NA,NA,NA,37,0,37,0,0,0,37,0,37,0,0,0
"199009","pred",35,3,15,16,1,0,3838,0,0,3838,0,0,NA,NA,NA,NA,NA,NA,NA,NA,NA,NA,NA,NA,836,0,0,836,0,0,836,0,0,836,0,0
"199010","pred",1,0,1,0,0,0,NA,NA,NA,NA,NA,NA,NA,NA,NA,NA,NA,NA,NA,NA,NA,NA,NA,NA,0,0,0,0,0,0,0,0,0,0,0,0
"199011","pred",2,1,1,0,0,0,NA,NA,NA,NA,NA,NA,NA,NA,NA,NA,NA,NA,NA,NA,NA,NA,NA,NA,0,0,0,0,0,0,0,0,0,0,0,0
"199012","pred",0,0,0,0,0,0,NA,NA,NA,NA,NA,NA,NA,NA,NA,NA,NA,NA,NA,NA,NA,NA,NA,NA,0,0,0,0,0,0,0,0,0,0,0,0
"199101","pred",37,4,20,13,0,0,3838,0,0,3838,0,0,NA,NA,NA,NA,NA,NA,NA,NA,NA,NA,NA,NA,30,0,0,30,0,0,30,0,0,30,0,0
"199102","pred",6,4,2,0,0,0,3838,0,3838,0,0,0,NA,NA,NA,NA,NA,NA,NA,NA,NA,NA,NA,NA,22,0,22,0,0,0,22,0,22,0,0,0
"199103","pred",4,4,0,0,0,0,NA,NA,NA,NA,NA,NA,NA,NA,NA,NA,NA,NA,NA,NA,NA,NA,NA,NA,0,0,0,0,0,0,0,0,0,0,0,0
"199104","pred",0,0,0,0,0,0,NA,NA,NA,NA,NA,NA,NA,NA,NA,NA,NA,NA,NA,NA,NA,NA,NA,NA,0,0,0,0,0,0,0,0,0,0,0,0
"199105","pred",0,0,0,0,0,0,NA,NA,NA,NA,NA,NA,NA,NA,NA,NA,NA,NA,NA,NA,NA,NA,NA,NA,0,0,0,0,0,0,0,0,0,0,0,0
"199106","pred",0,0,0,0,0,0,NA,NA,NA,NA,NA,NA,NA,NA,NA,NA,NA,NA,NA,NA,NA,NA,NA,NA,0,0,0,0,0,0,0,0,0,0,0,0
"199107","pred",19,1,0,1,12,5,3838,0,0,0,0,3838,NA,NA,NA,NA,NA,NA,NA,NA,NA,NA,NA,NA,18,0,0,0,0,18,18,0,0,0,0,18
"199108","pred",186,13,29,30,96,18,3838,0,2,3812,23,1,NA,NA,NA,NA,NA,NA,NA,NA,NA,NA,NA,NA,133,0,2,111,19,1,133,0,2,111,19,1
"199109","pred",63,4,12,23,24,0,3838,0,21,3811,6,0,NA,NA,NA,NA,NA,NA,NA,NA,NA,NA,NA,NA,39,0,14,19,6,0,39,0,14,19,6,0
"199110","pred",18,0,8,10,0,0,3838,0,0,3838,0,0,NA,NA,NA,NA,NA,NA,NA,NA,NA,NA,NA,NA,30,0,0,30,0,0,30,0,0,30,0,0
"199111","pred",0,0,0,0,0,0,NA,NA,NA,NA,NA,NA,NA,NA,NA,NA,NA,NA,NA,NA,NA,NA,NA,NA,0,0,0,0,0,0,0,0,0,0,0,0
"199112","pred",0,0,0,0,0,0,NA,NA,NA,NA,NA,NA,NA,NA,NA,NA,NA,NA,NA,NA,NA,NA,NA,NA,0,0,0,0,0,0,0,0,0,0,0,0
"199201","pred",0,0,0,0,0,0,NA,NA,NA,NA,NA,NA,NA,NA,NA,NA,NA,NA,NA,NA,NA,NA,NA,NA,0,0,0,0,0,0,0,0,0,0,0,0
"199202","pred",0,0,0,0,0,0,NA,NA,NA,NA,NA,NA,NA,NA,NA,NA,NA,NA,NA,NA,NA,NA,NA,NA,0,0,0,0,0,0,0,0,0,0,0,0
"199203","pred",0,0,0,0,0,0,NA,NA,NA,NA,NA,NA,NA,NA,NA,NA,NA,NA,NA,NA,NA,NA,NA,NA,0,0,0,0,0,0,0,0,0,0,0,0
"199204","pred",0,0,0,0,0,0,NA,NA,NA,NA,NA,NA,NA,NA,NA,NA,NA,NA,NA,NA,NA,NA,NA,NA,0,0,0,0,0,0,0,0,0,0,0,0
"199205","pred",0,0,0,0,0,0,NA,NA,NA,NA,NA,NA,NA,NA,NA,NA,NA,NA,NA,NA,NA,NA,NA,NA,0,0,0,0,0,0,0,0,0,0,0,0
"199206","pred",0,0,0,0,0,0,NA,NA,NA,NA,NA,NA,NA,NA,NA,NA,NA,NA,NA,NA,NA,NA,NA,NA,0,0,0,0,0,0,0,0,0,0,0,0
"199207","pred",0,0,0,0,0,0,NA,NA,NA,NA,NA,NA,NA,NA,NA,NA,NA,NA,NA,NA,NA,NA,NA,NA,0,0,0,0,0,0,0,0,0,0,0,0
"199208","pred",0,0,0,0,0,0,NA,NA,NA,NA,NA,NA,NA,NA,NA,NA,NA,NA,NA,NA,NA,NA,NA,NA,0,0,0,0,0,0,0,0,0,0,0,0
"199209","pred",152,11,13,22,39,67,3838,0,0,2,3774,62,NA,NA,NA,NA,NA,NA,NA,NA,NA,NA,NA,NA,102,0,0,2,50,50,102,0,0,2,50,50
"199210","pred",23,6,6,6,3,2,3838,0,0,0,3838,0,NA,NA,NA,NA,NA,NA,NA,NA,NA,NA,NA,NA,32,0,0,0,32,0,32,0,0,0,32,0
"199211","pred",61,5,12,6,28,10,3838,0,0,1,3834,3,NA,NA,NA,NA,NA,NA,NA,NA,NA,NA,NA,NA,52,0,0,1,48,3,52,0,0,1,48,3
"199212","pred",23,7,9,2,4,1,3838,0,0,3824,14,0,NA,NA,NA,NA,NA,NA,NA,NA,NA,NA,NA,NA,47,0,0,34,13,0,47,0,0,34,13,0
"199301","pred",4,4,0,0,0,0,NA,NA,NA,NA,NA,NA,NA,NA,NA,NA,NA,NA,NA,NA,NA,NA,NA,NA,0,0,0,0,0,0,0,0,0,0,0,0
"199302","pred",0,0,0,0,0,0,NA,NA,NA,NA,NA,NA,NA,NA,NA,NA,NA,NA,NA,NA,NA,NA,NA,NA,0,0,0,0,0,0,0,0,0,0,0,0
"199303","pred",2,0,2,0,0,0,NA,NA,NA,NA,NA,NA,NA,NA,NA,NA,NA,NA,NA,NA,NA,NA,NA,NA,0,0,0,0,0,0,0,0,0,0,0,0
"199304","pred",0,0,0,0,0,0,NA,NA,NA,NA,NA,NA,NA,NA,NA,NA,NA,NA,NA,NA,NA,NA,NA,NA,0,0,0,0,0,0,0,0,0,0,0,0
"199305","pred",0,0,0,0,0,0,NA,NA,NA,NA,NA,NA,NA,NA,NA,NA,NA,NA,NA,NA,NA,NA,NA,NA,0,0,0,0,0,0,0,0,0,0,0,0
"199306","pred",0,0,0,0,0,0,NA,NA,NA,NA,NA,NA,NA,NA,NA,NA,NA,NA,NA,NA,NA,NA,NA,NA,0,0,0,0,0,0,0,0,0,0,0,0
"199307","pred",0,0,0,0,0,0,NA,NA,NA,NA,NA,NA,NA,NA,NA,NA,NA,NA,NA,NA,NA,NA,NA,NA,0,0,0,0,0,0,0,0,0,0,0,0
"199308","pred",2,0,2,0,0,0,NA,NA,NA,NA,NA,NA,NA,NA,NA,NA,NA,NA,NA,NA,NA,NA,NA,NA,0,0,0,0,0,0,0,0,0,0,0,0
"199309","pred",0,0,0,0,0,0,NA,NA,NA,NA,NA,NA,NA,NA,NA,NA,NA,NA,NA,NA,NA,NA,NA,NA,0,0,0,0,0,0,0,0,0,0,0,0
"199310","pred",0,0,0,0,0,0,NA,NA,NA,NA,NA,NA,NA,NA,NA,NA,NA,NA,NA,NA,NA,NA,NA,NA,0,0,0,0,0,0,0,0,0,0,0,0
"199311","pred",2,0,0,2,0,0,NA,NA,NA,NA,NA,NA,NA,NA,NA,NA,NA,NA,NA,NA,NA,NA,NA,NA,0,0,0,0,0,0,0,0,0,0,0,0
"199312","pred",0,0,0,0,0,0,NA,NA,NA,NA,NA,NA,NA,NA,NA,NA,NA,NA,NA,NA,NA,NA,NA,NA,0,0,0,0,0,0,0,0,0,0,0,0
"199401","pred",0,0,0,0,0,0,NA,NA,NA,NA,NA,NA,NA,NA,NA,NA,NA,NA,NA,NA,NA,NA,NA,NA,0,0,0,0,0,0,0,0,0,0,0,0
"199402","pred",0,0,0,0,0,0,NA,NA,NA,NA,NA,NA,NA,NA,NA,NA,NA,NA,NA,NA,NA,NA,NA,NA,0,0,0,0,0,0,0,0,0,0,0,0
"199403","pred",0,0,0,0,0,0,NA,NA,NA,NA,NA,NA,NA,NA,NA,NA,NA,NA,NA,NA,NA,NA,NA,NA,0,0,0,0,0,0,0,0,0,0,0,0
"199404","pred",1,0,1,0,0,0,NA,NA,NA,NA,NA,NA,NA,NA,NA,NA,NA,NA,NA,NA,NA,NA,NA,NA,0,0,0,0,0,0,0,0,0,0,0,0
"199405","pred",0,0,0,0,0,0,NA,NA,NA,NA,NA,NA,NA,NA,NA,NA,NA,NA,NA,NA,NA,NA,NA,NA,0,0,0,0,0,0,0,0,0,0,0,0
"199406","pred",0,0,0,0,0,0,NA,NA,NA,NA,NA,NA,NA,NA,NA,NA,NA,NA,NA,NA,NA,NA,NA,NA,0,0,0,0,0,0,0,0,0,0,0,0
"199407","pred",1,0,1,0,0,0,NA,NA,NA,NA,NA,NA,NA,NA,NA,NA,NA,NA,NA,NA,NA,NA,NA,NA,0,0,0,0,0,0,0,0,0,0,0,0
"199408","pred",1,0,1,0,0,0,NA,NA,NA,NA,NA,NA,NA,NA,NA,NA,NA,NA,NA,NA,NA,NA,NA,NA,0,0,0,0,0,0,0,0,0,0,0,0
"199409","pred",101,0,10,37,24,30,3838,0,0,0,2,3836,NA,NA,NA,NA,NA,NA,NA,NA,NA,NA,NA,NA,28,0,0,0,1,27,28,0,0,0,1,27
"199410","pred",120,4,28,37,42,9,3838,0,0,3813,25,0,NA,NA,NA,NA,NA,NA,NA,NA,NA,NA,NA,NA,73,0,0,59,14,0,73,0,0,59,14,0
"199411","pred",111,2,28,45,31,5,3838,0,0,19,3819,0,NA,NA,NA,NA,NA,NA,NA,NA,NA,NA,NA,NA,33,0,0,16,17,0,33,0,0,16,17,0
"199412","pred",129,7,8,25,68,21,3838,0,6,17,3785,30,NA,NA,NA,NA,NA,NA,NA,NA,NA,NA,NA,NA,41,0,3,10,10,18,41,0,3,10,10,18
"199501","pred",33,5,15,8,4,1,3838,0,13,3790,33,2,NA,NA,NA,NA,NA,NA,NA,NA,NA,NA,NA,NA,90,0,10,58,21,1,90,0,10,58,21,1
"199502","pred",12,3,2,3,4,0,3838,0,0,21,3817,0,NA,NA,NA,NA,NA,NA,NA,NA,NA,NA,NA,NA,13,0,0,3,10,0,13,0,0,3,10,0
"199503","pred",0,0,0,0,0,0,NA,NA,NA,NA,NA,NA,NA,NA,NA,NA,NA,NA,NA,NA,NA,NA,NA,NA,0,0,0,0,0,0,0,0,0,0,0,0
"199504","pred",106,6,15,26,47,12,3838,0,0,9,3824,5,NA,NA,NA,NA,NA,NA,NA,NA,NA,NA,NA,NA,34,0,0,8,21,5,34,0,0,8,21,5
"199505","pred",193,4,14,38,123,14,3838,0,0,61,3775,2,NA,NA,NA,NA,NA,NA,NA,NA,NA,NA,NA,NA,66,0,0,24,41,1,66,0,0,24,41,1
"199506","pred",137,17,15,61,27,17,3838,0,1,3760,75,2,NA,NA,NA,NA,NA,NA,NA,NA,NA,NA,NA,NA,130,0,1,82,46,1,130,0,1,82,46,1
"199507","pred",65,3,6,38,17,1,3838,0,0,3801,37,0,NA,NA,NA,NA,NA,NA,NA,NA,NA,NA,NA,NA,48,0,0,22,26,0,48,0,0,22,26,0
"199508","pred",193,16,37,63,57,20,3838,0,13,3806,19,0,NA,NA,NA,NA,NA,NA,NA,NA,NA,NA,NA,NA,167,0,11,145,11,0,167,0,11,145,11,0
"199509","pred",230,21,41,67,75,26,3838,0,0,3647,188,3,NA,NA,NA,NA,NA,NA,NA,NA,NA,NA,NA,NA,119,0,0,60,56,3,119,0,0,60,56,3
"199510","pred",102,25,33,36,8,0,3838,0,234,3604,0,0,NA,NA,NA,NA,NA,NA,NA,NA,NA,NA,NA,NA,66,0,24,42,0,0,66,0,24,42,0,0
"199511","pred",65,11,33,18,3,0,3838,0,3570,268,0,0,NA,NA,NA,NA,NA,NA,NA,NA,NA,NA,NA,NA,49,0,16,33,0,0,49,0,16,33,0,0
"199512","pred",63,4,27,24,6,2,3838,0,0,3838,0,0,NA,NA,NA,NA,NA,NA,NA,NA,NA,NA,NA,NA,50,0,0,50,0,0,50,0,0,50,0,0
"199601","pred",10,0,1,6,3,0,3838,0,0,0,3838,0,NA,NA,NA,NA,NA,NA,NA,NA,NA,NA,NA,NA,11,0,0,0,11,0,11,0,0,0,11,0
"199602","pred",112,6,15,30,38,23,3838,0,0,9,3736,93,NA,NA,NA,NA,NA,NA,NA,NA,NA,NA,NA,NA,72,0,0,7,34,31,72,0,0,7,34,31
"199603","pred",173,9,27,60,69,8,3838,0,3,35,3797,3,NA,NA,NA,NA,NA,NA,NA,NA,NA,NA,NA,NA,101,0,3,19,76,3,101,0,3,19,76,3
"199604","pred",174,23,46,54,49,2,3838,0,0,3816,22,0,NA,NA,NA,NA,NA,NA,NA,NA,NA,NA,NA,NA,84,0,0,67,17,0,84,0,0,67,17,0
"199605","pred",143,20,47,46,23,7,3838,0,0,3817,21,0,NA,NA,NA,NA,NA,NA,NA,NA,NA,NA,NA,NA,97,0,0,83,14,0,97,0,0,83,14,0
"199606","pred",137,19,39,47,32,0,3838,0,0,0,3838,0,NA,NA,NA,NA,NA,NA,NA,NA,NA,NA,NA,NA,139,0,0,0,139,0,139,0,0,0,139,0
"199607","pred",14,4,9,1,0,0,3838,66,3772,0,0,0,NA,NA,NA,NA,NA,NA,NA,NA,NA,NA,NA,NA,50,23,27,0,0,0,50,23,27,0,0,0
"199608","pred",16,5,9,1,1,0,3838,0,0,3838,0,0,NA,NA,NA,NA,NA,NA,NA,NA,NA,NA,NA,NA,35,0,0,35,0,0,35,0,0,35,0,0
"199609","pred",8,1,1,6,0,0,3838,0,73,3765,0,0,NA,NA,NA,NA,NA,NA,NA,NA,NA,NA,NA,NA,25,0,9,16,0,0,25,0,9,16,0,0
"199610","pred",40,9,13,15,3,0,3838,0,95,3743,0,0,NA,NA,NA,NA,NA,NA,NA,NA,NA,NA,NA,NA,49,0,20,29,0,0,49,0,20,29,0,0
"199611","pred",82,35,27,12,8,0,3838,0,3757,81,0,0,NA,NA,NA,NA,NA,NA,NA,NA,NA,NA,NA,NA,160,0,105,55,0,0,160,0,105,55,0,0
"199612","pred",25,5,8,10,2,0,3838,0,21,3805,12,0,NA,NA,NA,NA,NA,NA,NA,NA,NA,NA,NA,NA,82,0,20,51,11,0,82,0,20,51,11,0
"199701","pred",29,2,10,8,7,2,3838,0,0,44,3746,48,NA,NA,NA,NA,NA,NA,NA,NA,NA,NA,NA,NA,62,0,0,35,18,9,62,0,0,35,18,9
"199702","pred",10,3,4,2,1,0,3838,0,3766,72,0,0,NA,NA,NA,NA,NA,NA,NA,NA,NA,NA,NA,NA,56,0,31,25,0,0,56,0,31,25,0,0
"199703","pred",2,1,1,0,0,0,NA,NA,NA,NA,NA,NA,NA,NA,NA,NA,NA,NA,NA,NA,NA,NA,NA,NA,0,0,0,0,0,0,0,0,0,0,0,0
"199704","pred",0,0,0,0,0,0,NA,NA,NA,NA,NA,NA,NA,NA,NA,NA,NA,NA,NA,NA,NA,NA,NA,NA,0,0,0,0,0,0,0,0,0,0,0,0
"199705","pred",4,0,2,2,0,0,NA,NA,NA,NA,NA,NA,NA,NA,NA,NA,NA,NA,NA,NA,NA,NA,NA,NA,0,0,0,0,0,0,0,0,0,0,0,0
"199706","pred",0,0,0,0,0,0,NA,NA,NA,NA,NA,NA,NA,NA,NA,NA,NA,NA,NA,NA,NA,NA,NA,NA,0,0,0,0,0,0,0,0,0,0,0,0
"199707","pred",2,2,0,0,0,0,NA,NA,NA,NA,NA,NA,NA,NA,NA,NA,NA,NA,NA,NA,NA,NA,NA,NA,0,0,0,0,0,0,0,0,0,0,0,0
"199708","pred",11,2,2,6,1,0,3838,0,0,0,3838,0,NA,NA,NA,NA,NA,NA,NA,NA,NA,NA,NA,NA,30,0,0,0,30,0,30,0,0,0,30,0
"199709","pred",10,5,3,0,2,0,3838,45,3645,110,38,0,NA,NA,NA,NA,NA,NA,NA,NA,NA,NA,NA,NA,26,3,18,0,5,0,26,3,18,0,5,0
"199710","pred",12,2,3,3,4,0,3838,0,0,3836,2,0,NA,NA,NA,NA,NA,NA,NA,NA,NA,NA,NA,NA,31,0,0,29,2,0,31,0,0,29,2,0
"199711","pred",84,25,20,22,17,0,3838,0,1,3820,17,0,NA,NA,NA,NA,NA,NA,NA,NA,NA,NA,NA,NA,151,0,1,133,17,0,151,0,1,133,17,0
"199712","pred",31,17,7,3,4,0,3838,0,3803,35,0,0,NA,NA,NA,NA,NA,NA,NA,NA,NA,NA,NA,NA,61,0,49,12,0,0,61,0,49,12,0,0
"199801","pred",16,2,2,8,3,1,3838,0,0,0,3838,0,NA,NA,NA,NA,NA,NA,NA,NA,NA,NA,NA,NA,22,0,0,0,22,0,22,0,0,0,22,0
"199802","pred",14,3,1,6,0,4,3838,0,0,101,3708,29,NA,NA,NA,NA,NA,NA,NA,NA,NA,NA,NA,NA,104,0,0,30,53,21,104,0,0,30,53,21
"199803","pred",6,2,2,1,1,0,3838,0,0,3838,0,0,NA,NA,NA,NA,NA,NA,NA,NA,NA,NA,NA,NA,23,0,0,23,0,0,23,0,0,23,0,0
"199804","pred",0,0,0,0,0,0,NA,NA,NA,NA,NA,NA,NA,NA,NA,NA,NA,NA,NA,NA,NA,NA,NA,NA,0,0,0,0,0,0,0,0,0,0,0,0
"199805","pred",12,1,9,1,1,0,3838,0,3810,28,0,0,NA,NA,NA,NA,NA,NA,NA,NA,NA,NA,NA,NA,86,0,60,26,0,0,86,0,60,26,0,0
"199806","pred",5,2,3,0,0,0,NA,NA,NA,NA,NA,NA,NA,NA,NA,NA,NA,NA,NA,NA,NA,NA,NA,NA,0,0,0,0,0,0,0,0,0,0,0,0
"199807","pred",2,1,1,0,0,0,NA,NA,NA,NA,NA,NA,NA,NA,NA,NA,NA,NA,NA,NA,NA,NA,NA,NA,0,0,0,0,0,0,0,0,0,0,0,0
"199808","pred",2,0,2,0,0,0,NA,NA,NA,NA,NA,NA,NA,NA,NA,NA,NA,NA,NA,NA,NA,NA,NA,NA,0,0,0,0,0,0,0,0,0,0,0,0
"199809","pred",12,7,4,0,1,0,3838,0,3838,0,0,0,NA,NA,NA,NA,NA,NA,NA,NA,NA,NA,NA,NA,8,0,8,0,0,0,8,0,8,0,0,0
"199810","pred",9,8,1,0,0,0,3838,3838,0,0,0,0,NA,NA,NA,NA,NA,NA,NA,NA,NA,NA,NA,NA,16,16,0,0,0,0,16,16,0,0,0,0
"199811","pred",139,18,37,59,25,0,3838,0,3830,7,1,0,NA,NA,NA,NA,NA,NA,NA,NA,NA,NA,NA,NA,82,0,74,7,1,0,82,0,74,7,1,0
"199812","pred",96,9,23,30,27,7,3838,0,11,3711,109,7,NA,NA,NA,NA,NA,NA,NA,NA,NA,NA,NA,NA,176,0,10,102,57,7,176,0,10,102,57,7
"199901","pred",156,34,48,30,40,4,3838,0,25,3806,5,2,NA,NA,NA,NA,NA,NA,NA,NA,NA,NA,NA,NA,109,0,19,83,5,2,109,0,19,83,5,2
"199902","pred",163,16,47,52,40,8,3838,0,42,3747,49,0,NA,NA,NA,NA,NA,NA,NA,NA,NA,NA,NA,NA,90,0,25,44,21,0,90,0,25,44,21,0
"199903","pred",21,13,6,0,2,0,3838,2,3819,17,0,0,NA,NA,NA,NA,NA,NA,NA,NA,NA,NA,NA,NA,55,2,46,7,0,0,55,2,46,7,0,0
"199904","pred",13,5,6,2,0,0,3838,0,3838,0,0,0,NA,NA,NA,NA,NA,NA,NA,NA,NA,NA,NA,NA,20,0,20,0,0,0,20,0,20,0,0,0
"199905","pred",4,3,1,0,0,0,NA,NA,NA,NA,NA,NA,NA,NA,NA,NA,NA,NA,NA,NA,NA,NA,NA,NA,0,0,0,0,0,0,0,0,0,0,0,0
"199906","pred",4,4,0,0,0,0,NA,NA,NA,NA,NA,NA,NA,NA,NA,NA,NA,NA,NA,NA,NA,NA,NA,NA,0,0,0,0,0,0,0,0,0,0,0,0
"199907","pred",7,5,2,0,0,0,0,0,0,0,0,0,NA,NA,NA,NA,NA,NA,NA,NA,NA,NA,NA,NA,0,0,0,0,0,0,0,0,0,0,0,0
"199908","pred",36,14,14,7,1,0,3838,0,3666,172,0,0,NA,NA,NA,NA,NA,NA,NA,NA,NA,NA,NA,NA,48,0,30,18,0,0,48,0,30,18,0,0
"199909","pred",284,30,65,88,88,13,3838,0,145,3641,52,0,NA,NA,NA,NA,NA,NA,NA,NA,NA,NA,NA,NA,483,0,105,327,51,0,483,0,105,327,51,0
"199910","pred",107,21,32,18,20,16,3838,0,576,3228,18,16,NA,NA,NA,NA,NA,NA,NA,NA,NA,NA,NA,NA,208,0,76,103,13,16,208,0,76,103,13,16
"199911","pred",47,7,5,9,25,1,3838,0,2,3830,6,0,NA,NA,NA,NA,NA,NA,NA,NA,NA,NA,NA,NA,19,0,2,12,5,0,19,0,2,12,5,0
"199912","pred",90,17,26,28,17,2,3838,0,51,3769,18,0,NA,NA,NA,NA,NA,NA,NA,NA,NA,NA,NA,NA,198,0,35,147,16,0,198,0,35,147,16,0
"200001","pred",98,15,39,29,9,6,3838,0,52,3762,24,0,NA,NA,NA,NA,NA,NA,NA,NA,NA,NA,NA,NA,194,0,10,160,24,0,194,0,10,160,24,0
"200002","pred",49,7,14,16,11,1,3838,0,39,3789,10,0,NA,NA,NA,NA,NA,NA,NA,NA,NA,NA,NA,NA,67,0,24,38,5,0,67,0,24,38,5,0
"200003","pred",44,8,8,19,7,2,3838,0,0,3772,66,0,NA,NA,NA,NA,NA,NA,NA,NA,NA,NA,NA,NA,104,0,0,70,34,0,104,0,0,70,34,0
"200004","pred",31,12,9,8,2,0,3838,0,1,3837,0,0,NA,NA,NA,NA,NA,NA,NA,NA,NA,NA,NA,NA,27,0,0,27,0,0,27,0,0,27,0,0
"200005","pred",9,6,2,1,0,0,3838,0,3838,0,0,0,NA,NA,NA,NA,NA,NA,NA,NA,NA,NA,NA,NA,94,0,94,0,0,0,94,0,94,0,0,0
"200006","pred",1,0,1,0,0,0,NA,NA,NA,NA,NA,NA,NA,NA,NA,NA,NA,NA,NA,NA,NA,NA,NA,NA,0,0,0,0,0,0,0,0,0,0,0,0
"200007","pred",0,0,0,0,0,0,NA,NA,NA,NA,NA,NA,NA,NA,NA,NA,NA,NA,NA,NA,NA,NA,NA,NA,0,0,0,0,0,0,0,0,0,0,0,0
"200008","pred",8,3,2,2,1,0,3838,21,3803,13,1,0,NA,NA,NA,NA,NA,NA,NA,NA,NA,NA,NA,NA,43,6,28,8,1,0,43,6,28,8,1,0
"200009","pred",396,80,65,83,152,16,3838,0,3634,163,41,0,NA,NA,NA,NA,NA,NA,NA,NA,NA,NA,NA,NA,360,0,277,45,38,0,360,0,277,45,38,0
"200010","pred",289,36,46,47,146,14,3838,0,3568,205,61,4,NA,NA,NA,NA,NA,NA,NA,NA,NA,NA,NA,NA,314,0,141,121,48,4,314,0,141,121,48,4
"200011","pred",70,30,26,13,1,0,3838,0,3834,4,0,0,NA,NA,NA,NA,NA,NA,NA,NA,NA,NA,NA,NA,167,0,163,4,0,0,167,0,163,4,0,0
"200012","pred",11,7,3,1,0,0,3838,113,3725,0,0,0,NA,NA,NA,NA,NA,NA,NA,NA,NA,NA,NA,NA,56,17,39,0,0,0,56,17,39,0,0,0
"200101","pred",14,11,3,0,0,0,3838,3774,64,0,0,0,NA,NA,NA,NA,NA,NA,NA,NA,NA,NA,NA,NA,52,26,26,0,0,0,52,26,26,0,0,0
"200102","pred",6,5,1,0,0,0,0,0,0,0,0,0,NA,NA,NA,NA,NA,NA,NA,NA,NA,NA,NA,NA,0,0,0,0,0,0,0,0,0,0,0,0
"200103","pred",4,3,1,0,0,0,NA,NA,NA,NA,NA,NA,NA,NA,NA,NA,NA,NA,NA,NA,NA,NA,NA,NA,0,0,0,0,0,0,0,0,0,0,0,0
"200104","pred",3,3,0,0,0,0,NA,NA,NA,NA,NA,NA,NA,NA,NA,NA,NA,NA,NA,NA,NA,NA,NA,NA,0,0,0,0,0,0,0,0,0,0,0,0
"200105","pred",10,8,2,0,0,0,3838,3828,10,0,0,0,NA,NA,NA,NA,NA,NA,NA,NA,NA,NA,NA,NA,38,29,9,0,0,0,38,29,9,0,0,0
"200106","pred",2,2,0,0,0,0,NA,NA,NA,NA,NA,NA,NA,NA,NA,NA,NA,NA,NA,NA,NA,NA,NA,NA,0,0,0,0,0,0,0,0,0,0,0,0
"200107","pred",1,1,0,0,0,0,NA,NA,NA,NA,NA,NA,NA,NA,NA,NA,NA,NA,NA,NA,NA,NA,NA,NA,0,0,0,0,0,0,0,0,0,0,0,0
"200108","pred",183,30,38,47,36,32,3838,0,6,3789,40,3,NA,NA,NA,NA,NA,NA,NA,NA,NA,NA,NA,NA,88,0,6,44,35,3,88,0,6,44,35,3
"200109","pred",500,31,48,82,188,151,3838,0,0,217,3575,46,NA,NA,NA,NA,NA,NA,NA,NA,NA,NA,NA,NA,214,0,0,80,88,46,214,0,0,80,88,46
"200110","pred",307,26,58,73,126,24,3838,0,2,2854,899,83,NA,NA,NA,NA,NA,NA,NA,NA,NA,NA,NA,NA,291,0,0,93,144,54,291,0,0,93,144,54
"200111","pred",260,13,40,81,112,14,3838,0,141,3593,101,3,NA,NA,NA,NA,NA,NA,NA,NA,NA,NA,NA,NA,208,0,27,103,75,3,208,0,27,103,75,3
"200112","pred",233,21,61,100,50,1,3838,0,136,3629,73,0,NA,NA,NA,NA,NA,NA,NA,NA,NA,NA,NA,NA,167,0,29,81,57,0,167,0,29,81,57,0
"200201","pred",154,20,52,51,25,6,3838,0,84,3663,91,0,NA,NA,NA,NA,NA,NA,NA,NA,NA,NA,NA,NA,205,0,45,90,70,0,205,0,45,90,70,0
"200202","pred",207,22,42,50,67,26,3838,0,0,489,3336,13,NA,NA,NA,NA,NA,NA,NA,NA,NA,NA,NA,NA,193,0,0,83,97,13,193,0,0,83,97,13
"200203","pred",66,18,16,20,10,2,3838,0,0,3827,11,0,NA,NA,NA,NA,NA,NA,NA,NA,NA,NA,NA,NA,77,0,0,67,10,0,77,0,0,67,10,0
"200204","pred",36,7,9,15,5,0,3838,0,179,3659,0,0,NA,NA,NA,NA,NA,NA,NA,NA,NA,NA,NA,NA,59,0,32,27,0,0,59,0,32,27,0,0
"200205","pred",65,15,27,23,0,0,3838,0,3836,2,0,0,NA,NA,NA,NA,NA,NA,NA,NA,NA,NA,NA,NA,61,0,59,2,0,0,61,0,59,2,0,0
"200206","pred",45,7,24,10,4,0,3838,0,0,3838,0,0,NA,NA,NA,NA,NA,NA,NA,NA,NA,NA,NA,NA,65,0,0,65,0,0,65,0,0,65,0,0
"200207","modis",68,14,29,15,9,1,3838,0,0,3838,0,0,NA,NA,NA,NA,NA,NA,141,0,0,141,0,0,68,0,0,68,0,0,141,0,0,141,0,0
"200208","modis",111,22,35,37,16,1,3838,0,2,3835,1,0,NA,NA,NA,NA,NA,NA,154,0,2,152,0,0,92,0,2,89,1,0,154,0,2,152,0,0
"200209","modis",121,33,41,38,8,1,3838,0,0,3838,0,0,NA,NA,NA,NA,NA,NA,426,0,0,426,0,0,124,0,0,124,0,0,426,0,0,426,0,0
"200210","modis",29,14,9,5,1,0,3838,0,159,3679,0,0,NA,NA,NA,NA,NA,NA,379,0,42,337,0,0,130,0,78,52,0,0,379,0,42,337,0,0
"200211","modis",85,14,37,32,2,0,3838,0,3773,65,0,0,NA,NA,NA,NA,NA,NA,507,0,457,50,0,0,110,0,72,38,0,0,507,0,457,50,0,0
"200212","modis",22,9,4,5,3,1,3838,0,74,3754,10,0,NA,NA,NA,NA,NA,NA,445,0,45,390,10,0,103,0,49,44,10,0,445,0,45,390,10,0
"200301","modis",154,17,53,49,29,6,3838,0,2,3722,108,6,NA,NA,NA,NA,NA,NA,461,0,2,437,22,0,143,0,2,84,55,2,461,0,2,437,22,0
"200302","modis",105,20,36,37,12,0,3838,0,131,3707,0,0,NA,NA,NA,NA,NA,NA,169,0,13,156,0,0,117,0,68,49,0,0,169,0,13,156,0,0
"200303","modis",136,15,27,39,45,10,3838,0,33,3728,71,6,NA,NA,NA,NA,NA,NA,186,0,0,153,27,6,142,0,21,67,48,6,186,0,0,153,27,6
"200304","modis",224,30,56,83,46,9,3838,0,0,3617,221,0,NA,NA,NA,NA,NA,NA,172,0,0,131,41,0,181,0,0,95,86,0,172,0,0,131,41,0
"200305","modis",157,22,42,60,32,1,3838,0,208,3615,15,0,NA,NA,NA,NA,NA,NA,162,0,5,150,7,0,121,0,13,93,15,0,162,0,5,150,7,0
"200306","modis",92,12,36,35,9,0,3838,0,0,3837,1,0,NA,NA,NA,NA,NA,NA,153,0,0,153,0,0,110,0,0,109,1,0,153,0,0,153,0,0
"200307","modis",165,27,54,57,26,1,3838,0,2,3832,4,0,NA,NA,NA,NA,NA,NA,189,0,0,189,0,0,187,0,2,181,4,0,189,0,0,189,0,0
"200308","modis",157,13,54,54,34,2,3838,0,0,3807,31,0,NA,NA,NA,NA,NA,NA,248,0,0,244,4,0,142,0,0,113,29,0,248,0,0,244,4,0
"200309","modis",130,22,37,39,30,2,3838,0,0,3689,149,0,NA,NA,NA,NA,NA,NA,481,0,0,422,59,0,322,0,0,221,101,0,481,0,0,422,59,0
"200310","modis",38,14,11,11,2,0,3838,0,0,3838,0,0,NA,NA,NA,NA,NA,NA,454,0,0,454,0,0,97,0,0,97,0,0,454,0,0,454,0,0
"200311","modis",110,34,39,34,3,0,3838,0,3774,64,0,0,NA,NA,NA,NA,NA,NA,467,0,428,39,0,0,223,0,169,54,0,0,467,0,428,39,0,0
"200312","modis",45,9,18,15,3,0,3838,0,3106,732,0,0,NA,NA,NA,NA,NA,NA,648,0,368,280,0,0,102,0,53,49,0,0,648,0,368,280,0,0
"200401","modis",126,16,36,40,34,0,3838,0,2,3744,92,0,NA,NA,NA,NA,NA,NA,162,0,1,149,12,0,157,0,2,114,41,0,162,0,1,149,12,0
"200402","modis",139,20,42,42,30,5,3838,0,5,3814,19,0,NA,NA,NA,NA,NA,NA,210,0,4,201,5,0,60,0,3,47,10,0,210,0,4,201,5,0
"200403","modis",7,5,2,0,0,0,3838,32,3806,0,0,0,NA,NA,NA,NA,NA,NA,70,0,70,0,0,0,50,24,26,0,0,0,70,0,70,0,0,0
"200404","modis",9,8,1,0,0,0,3838,3836,2,0,0,0,NA,NA,NA,NA,NA,NA,74,74,0,0,0,0,27,25,2,0,0,0,74,74,0,0,0,0
"200405","modis",3,2,1,0,0,0,NA,NA,NA,NA,NA,NA,NA,NA,NA,NA,NA,NA,0,0,0,0,0,0,0,0,0,0,0,0,0,0,0,0,0,0
"200406","modis",4,4,0,0,0,0,NA,NA,NA,NA,NA,NA,NA,NA,NA,NA,NA,NA,0,0,0,0,0,0,0,0,0,0,0,0,0,0,0,0,0,0
"200407","modis",0,0,0,0,0,0,NA,NA,NA,NA,NA,NA,NA,NA,NA,NA,NA,NA,0,0,0,0,0,0,0,0,0,0,0,0,0,0,0,0,0,0
"200408","modis",0,0,0,0,0,0,NA,NA,NA,NA,NA,NA,NA,NA,NA,NA,NA,NA,0,0,0,0,0,0,0,0,0,0,0,0,0,0,0,0,0,0
"200409","modis",1,1,0,0,0,0,NA,NA,NA,NA,NA,NA,NA,NA,NA,NA,NA,NA,0,0,0,0,0,0,0,0,0,0,0,0,0,0,0,0,0,0
"200410","modis",40,16,20,2,2,0,3838,17,3819,2,0,0,NA,NA,NA,NA,NA,NA,483,16,465,2,0,0,52,12,38,2,0,0,483,16,465,2,0,0
"200411","modis",61,10,9,10,30,2,3838,0,100,3695,36,7,NA,NA,NA,NA,NA,NA,564,0,49,475,33,7,146,0,76,40,27,3,564,0,49,475,33,7
"200412","modis",32,3,8,14,7,0,3838,0,118,3693,27,0,NA,NA,NA,NA,NA,NA,725,0,82,616,27,0,126,0,52,60,14,0,725,0,82,616,27,0
"200501","modis",92,11,18,19,35,9,3838,0,94,3310,405,29,NA,NA,NA,NA,NA,NA,358,0,21,177,136,24,93,0,11,15,48,19,358,0,21,177,136,24
"200502","modis",142,8,22,44,52,16,3838,0,6,3682,132,18,NA,NA,NA,NA,NA,NA,209,0,4,155,33,17,127,0,4,40,65,18,209,0,4,155,33,17
"200503","modis",134,16,20,47,39,12,3838,0,14,37,3750,37,NA,NA,NA,NA,NA,NA,268,0,9,24,223,12,65,0,6,24,16,19,268,0,9,24,223,12
"200504","modis",56,21,21,10,2,2,3838,0,0,3838,0,0,NA,NA,NA,NA,NA,NA,179,0,0,179,0,0,49,0,0,49,0,0,179,0,0,179,0,0
"200505","modis",83,10,15,21,28,9,3838,0,0,0,3834,4,NA,NA,NA,NA,NA,NA,96,0,0,0,95,1,22,0,0,0,19,3,96,0,0,0,95,1
"200506","modis",116,6,4,29,55,22,3838,0,0,1,3826,11,NA,NA,NA,NA,NA,NA,160,0,0,0,153,7,43,0,0,1,32,10,160,0,0,0,153,7
"200507","modis",189,10,25,70,62,22,3838,0,1,67,3767,3,NA,NA,NA,NA,NA,NA,302,0,1,34,265,2,82,0,1,33,45,3,302,0,1,34,265,2
"200508","modis",414,40,94,138,117,25,3838,0,0,14,3824,0,NA,NA,NA,NA,NA,NA,390,0,0,12,378,0,226,0,0,12,214,0,390,0,0,12,378,0
"200509","modis",493,30,75,150,181,57,3838,0,4,263,3462,109,NA,NA,NA,NA,NA,NA,1057,0,4,217,729,107,646,0,4,133,401,108,1057,0,4,217,729,107
"200510","modis",265,63,70,76,47,9,3838,0,2,3416,411,9,NA,NA,NA,NA,NA,NA,964,0,2,647,308,7,183,0,2,114,59,8,964,0,2,647,308,7
"200511","modis",285,54,70,82,63,16,3838,0,21,3529,272,16,NA,NA,NA,NA,NA,NA,739,0,19,505,199,16,290,0,19,136,119,16,739,0,19,505,199,16
"200512","modis",93,19,34,20,18,2,3838,0,3,3761,74,0,NA,NA,NA,NA,NA,NA,503,0,3,435,65,0,175,0,3,119,53,0,503,0,3,435,65,0
"200601","modis",85,38,38,6,3,0,3838,0,3838,0,0,0,NA,NA,NA,NA,NA,NA,499,0,499,0,0,0,126,0,126,0,0,0,499,0,499,0,0,0
"200602","modis",7,3,4,0,0,0,3838,421,3417,0,0,0,NA,NA,NA,NA,NA,NA,286,70,216,0,0,0,78,43,35,0,0,0,286,70,216,0,0,0
"200603","modis",2,2,0,0,0,0,NA,NA,NA,NA,NA,NA,NA,NA,NA,NA,NA,NA,0,0,0,0,0,0,0,0,0,0,0,0,0,0,0,0,0,0
"200604","pred",3,3,0,0,0,0,NA,NA,NA,NA,NA,NA,NA,NA,NA,NA,NA,NA,NA,NA,NA,NA,NA,NA,0,0,0,0,0,0,0,0,0,0,0,0
"200605","modis",8,7,1,0,0,0,3838,3838,0,0,0,0,NA,NA,NA,NA,NA,NA,91,91,0,0,0,0,23,23,0,0,0,0,91,91,0,0,0,0
"200606","modis",33,14,10,5,4,0,3838,0,803,3035,0,0,NA,NA,NA,NA,NA,NA,150,0,22,128,0,0,93,0,74,19,0,0,150,0,22,128,0,0
"200607","modis",188,39,29,47,49,24,3838,0,0,3752,62,24,NA,NA,NA,NA,NA,NA,128,0,0,109,4,15,96,0,0,46,27,23,128,0,0,109,4,15
"200608","modis",385,39,83,129,73,61,3838,0,0,3790,43,5,NA,NA,NA,NA,NA,NA,195,0,0,170,21,4,169,0,0,124,40,5,195,0,0,170,21,4
"200609","modis",484,37,56,139,176,76,3838,0,159,3533,130,16,NA,NA,NA,NA,NA,NA,332,0,45,182,89,16,226,0,8,87,115,16,332,0,45,182,89,16
"200610","modis",454,35,56,142,184,37,3838,0,27,3515,274,22,NA,NA,NA,NA,NA,NA,434,0,4,245,163,22,269,0,4,72,171,22,434,0,4,245,163,22
"200611","modis",338,43,80,135,71,9,3838,0,4,3703,129,2,NA,NA,NA,NA,NA,NA,475,0,4,346,123,2,271,0,4,155,110,2,475,0,4,346,123,2
"200612","modis",89,24,35,23,6,1,3838,0,100,3703,35,0,NA,NA,NA,NA,NA,NA,337,0,67,238,32,0,143,0,63,65,15,0,337,0,67,238,32,0
"200701","modis",161,28,37,64,26,6,3838,0,0,3807,31,0,NA,NA,NA,NA,NA,NA,236,0,0,227,9,0,90,0,0,66,24,0,236,0,0,227,9,0
"200702","modis",30,13,7,7,2,1,3838,0,0,3838,0,0,NA,NA,NA,NA,NA,NA,162,0,0,162,0,0,166,0,0,166,0,0,162,0,0,162,0,0
"200703","modis",49,21,14,9,5,0,3838,1,3832,5,0,0,NA,NA,NA,NA,NA,NA,113,0,109,4,0,0,41,0,36,5,0,0,113,0,109,4,0,0
"200704","modis",2,2,0,0,0,0,NA,NA,NA,NA,NA,NA,NA,NA,NA,NA,NA,NA,0,0,0,0,0,0,0,0,0,0,0,0,0,0,0,0,0,0
"200705","modis",4,4,0,0,0,0,NA,NA,NA,NA,NA,NA,NA,NA,NA,NA,NA,NA,0,0,0,0,0,0,0,0,0,0,0,0,0,0,0,0,0,0
"200706","modis",11,11,0,0,0,0,3838,3838,0,0,0,0,NA,NA,NA,NA,NA,NA,104,104,0,0,0,0,62,62,0,0,0,0,104,104,0,0,0,0
"200707","modis",2,2,0,0,0,0,NA,NA,NA,NA,NA,NA,NA,NA,NA,NA,NA,NA,0,0,0,0,0,0,0,0,0,0,0,0,0,0,0,0,0,0
"200708","modis",8,7,1,0,0,0,3838,3838,0,0,0,0,NA,NA,NA,NA,NA,NA,267,267,0,0,0,0,11,11,0,0,0,0,267,267,0,0,0,0
"200709","modis",38,7,6,4,20,1,3838,0,14,3698,125,1,NA,NA,NA,NA,NA,NA,347,0,11,301,35,0,53,0,6,34,12,1,347,0,11,301,35,0
"200710","modis",214,22,49,51,78,14,3838,0,65,3550,222,1,NA,NA,NA,NA,NA,NA,451,0,10,292,148,1,267,0,60,119,87,1,451,0,10,292,148,1
"200711","modis",85,32,21,15,15,2,3838,0,733,3033,72,0,NA,NA,NA,NA,NA,NA,312,0,136,142,34,0,208,0,130,50,28,0,312,0,136,142,34,0
"200712","modis",30,14,8,5,3,0,3838,0,3523,315,0,0,NA,NA,NA,NA,NA,NA,274,0,199,75,0,0,134,0,119,15,0,0,274,0,199,75,0,0
"200801","modis",9,9,0,0,0,0,3838,3838,0,0,0,0,NA,NA,NA,NA,NA,NA,327,327,0,0,0,0,36,36,0,0,0,0,327,327,0,0,0,0
"200802","modis",4,0,1,2,1,0,NA,NA,NA,NA,NA,NA,NA,NA,NA,NA,NA,NA,0,0,0,0,0,0,0,0,0,0,0,0,0,0,0,0,0,0
"200803","modis",5,2,1,1,1,0,NA,NA,NA,NA,NA,NA,NA,NA,NA,NA,NA,NA,0,0,0,0,0,0,0,0,0,0,0,0,0,0,0,0,0,0
"200804","modis",17,10,6,1,0,0,3838,0,3838,0,0,0,NA,NA,NA,NA,NA,NA,93,0,93,0,0,0,71,0,71,0,0,0,93,0,93,0,0,0
"200805","modis",9,8,1,0,0,0,0,0,0,0,0,0,NA,NA,NA,NA,NA,NA,0,0,0,0,0,0,0,0,0,0,0,0,0,0,0,0,0,0
"200806","modis",4,4,0,0,0,0,NA,NA,NA,NA,NA,NA,NA,NA,NA,NA,NA,NA,0,0,0,0,0,0,0,0,0,0,0,0,0,0,0,0,0,0
"200807","modis",2,2,0,0,0,0,NA,NA,NA,NA,NA,NA,NA,NA,NA,NA,NA,NA,0,0,0,0,0,0,0,0,0,0,0,0,0,0,0,0,0,0
"200808","modis",2,2,0,0,0,0,NA,NA,NA,NA,NA,NA,NA,NA,NA,NA,NA,NA,0,0,0,0,0,0,0,0,0,0,0,0,0,0,0,0,0,0
"200809","modis",4,4,0,0,0,0,NA,NA,NA,NA,NA,NA,NA,NA,NA,NA,NA,NA,0,0,0,0,0,0,0,0,0,0,0,0,0,0,0,0,0,0
"200810","modis",128,43,36,39,10,0,3838,0,3823,15,0,0,NA,NA,NA,NA,NA,NA,372,0,358,14,0,0,83,0,69,14,0,0,372,0,358,14,0,0
"200811","modis",24,15,5,3,1,0,3838,0,3721,117,0,0,NA,NA,NA,NA,NA,NA,298,0,210,88,0,0,51,0,30,21,0,0,298,0,210,88,0,0
"200812","modis",15,12,3,0,0,0,3838,3285,553,0,0,0,NA,NA,NA,NA,NA,NA,433,272,161,0,0,0,93,12,81,0,0,0,433,272,161,0,0,0
"200901","modis",8,8,0,0,0,0,3838,3838,0,0,0,0,NA,NA,NA,NA,NA,NA,296,296,0,0,0,0,11,11,0,0,0,0,296,296,0,0,0,0
"200902","modis",3,3,0,0,0,0,NA,NA,NA,NA,NA,NA,NA,NA,NA,NA,NA,NA,0,0,0,0,0,0,0,0,0,0,0,0,0,0,0,0,0,0
"200903","modis",4,4,0,0,0,0,NA,NA,NA,NA,NA,NA,NA,NA,NA,NA,NA,NA,0,0,0,0,0,0,0,0,0,0,0,0,0,0,0,0,0,0
"200904","modis",9,7,0,2,0,0,3838,3795,40,3,0,0,NA,NA,NA,NA,NA,NA,155,150,5,0,0,0,104,69,32,3,0,0,155,150,5,0,0,0
"200905","modis",14,13,1,0,0,0,3838,3838,0,0,0,0,NA,NA,NA,NA,NA,NA,159,159,0,0,0,0,31,31,0,0,0,0,159,159,0,0,0,0
"200906","modis",13,9,4,0,0,0,3838,3722,116,0,0,0,NA,NA,NA,NA,NA,NA,149,132,17,0,0,0,21,12,9,0,0,0,149,132,17,0,0,0
"200907","modis",21,18,3,0,0,0,3838,3837,1,0,0,0,NA,NA,NA,NA,NA,NA,151,151,0,0,0,0,29,28,1,0,0,0,151,151,0,0,0,0
"200908","modis",5,5,0,0,0,0,NA,NA,NA,NA,NA,NA,NA,NA,NA,NA,NA,NA,0,0,0,0,0,0,0,0,0,0,0,0,0,0,0,0,0,0
"200909","modis",19,17,2,0,0,0,3838,3830,8,0,0,0,NA,NA,NA,NA,NA,NA,225,224,1,0,0,0,48,40,8,0,0,0,225,224,1,0,0,0
"200910","modis",153,45,43,43,18,4,3838,0,51,3754,33,0,NA,NA,NA,NA,NA,NA,277,0,12,239,26,0,152,0,32,91,29,0,277,0,12,239,26,0
"200911","modis",65,27,11,6,8,13,3838,0,21,3776,17,24,NA,NA,NA,NA,NA,NA,400,0,16,371,9,4,57,0,20,25,6,6,400,0,16,371,9,4
"200912","modis",97,32,41,22,2,0,3838,0,12,3826,0,0,NA,NA,NA,NA,NA,NA,628,0,12,616,0,0,45,0,12,33,0,0,628,0,12,616,0,0
"201001","modis",40,20,11,8,1,0,3838,0,3838,0,0,0,NA,NA,NA,NA,NA,NA,329,0,329,0,0,0,111,0,111,0,0,0,329,0,329,0,0,0
"201002","modis",11,4,4,3,0,0,3838,0,3838,0,0,0,NA,NA,NA,NA,NA,NA,423,0,423,0,0,0,35,0,35,0,0,0,423,0,423,0,0,0
"201003","modis",4,2,2,0,0,0,NA,NA,NA,NA,NA,NA,NA,NA,NA,NA,NA,NA,0,0,0,0,0,0,0,0,0,0,0,0,0,0,0,0,0,0
"201004","modis",8,7,1,0,0,0,3838,3838,0,0,0,0,NA,NA,NA,NA,NA,NA,94,94,0,0,0,0,19,19,0,0,0,0,94,94,0,0,0,0
"201005","modis",10,10,0,0,0,0,3838,3838,0,0,0,0,NA,NA,NA,NA,NA,NA,132,132,0,0,0,0,46,46,0,0,0,0,132,132,0,0,0,0
"201006","modis",7,7,0,0,0,0,3838,3838,0,0,0,0,NA,NA,NA,NA,NA,NA,139,139,0,0,0,0,14,14,0,0,0,0,139,139,0,0,0,0
"201007","modis",2,2,0,0,0,0,NA,NA,NA,NA,NA,NA,NA,NA,NA,NA,NA,NA,0,0,0,0,0,0,0,0,0,0,0,0,0,0,0,0,0,0
"201008","modis",4,4,0,0,0,0,NA,NA,NA,NA,NA,NA,NA,NA,NA,NA,NA,NA,0,0,0,0,0,0,0,0,0,0,0,0,0,0,0,0,0,0
"201009","modis",7,5,2,0,0,0,3838,3787,51,0,0,0,NA,NA,NA,NA,NA,NA,215,211,4,0,0,0,13,5,8,0,0,0,215,211,4,0,0,0
"201010","modis",12,10,2,0,0,0,3838,20,3818,0,0,0,NA,NA,NA,NA,NA,NA,191,14,177,0,0,0,23,12,11,0,0,0,191,14,177,0,0,0
"201011","modis",3,2,1,0,0,0,NA,NA,NA,NA,NA,NA,NA,NA,NA,NA,NA,NA,0,0,0,0,0,0,0,0,0,0,0,0,0,0,0,0,0,0
"201012","modis",4,1,3,0,0,0,NA,NA,NA,NA,NA,NA,NA,NA,NA,NA,NA,NA,0,0,0,0,0,0,0,0,0,0,0,0,0,0,0,0,0,0
"201101","modis",2,2,0,0,0,0,NA,NA,NA,NA,NA,NA,NA,NA,NA,NA,NA,NA,0,0,0,0,0,0,0,0,0,0,0,0,0,0,0,0,0,0
"201102","modis",7,6,1,0,0,0,3838,3798,40,0,0,0,NA,NA,NA,NA,NA,NA,136,135,1,0,0,0,16,7,9,0,0,0,136,135,1,0,0,0
"201103","modis",25,24,1,0,0,0,3838,3827,11,0,0,0,NA,NA,NA,NA,NA,NA,113,113,0,0,0,0,103,92,11,0,0,0,113,113,0,0,0,0
"201104","modis",22,18,4,0,0,0,3838,3832,6,0,0,0,NA,NA,NA,NA,NA,NA,108,108,0,0,0,0,96,90,6,0,0,0,108,108,0,0,0,0
"201105","modis",6,5,1,0,0,0,3838,3835,3,0,0,0,NA,NA,NA,NA,NA,NA,101,101,0,0,0,0,14,11,3,0,0,0,101,101,0,0,0,0
"201106","modis",10,9,1,0,0,0,3838,3838,0,0,0,0,NA,NA,NA,NA,NA,NA,127,127,0,0,0,0,40,40,0,0,0,0,127,127,0,0,0,0
"201107","modis",13,12,1,0,0,0,3838,3825,13,0,0,0,NA,NA,NA,NA,NA,NA,140,138,2,0,0,0,42,37,5,0,0,0,140,138,2,0,0,0
"201108","modis",7,5,1,1,0,0,3838,0,3838,0,0,0,NA,NA,NA,NA,NA,NA,165,0,165,0,0,0,30,0,30,0,0,0,165,0,165,0,0,0
"201109","modis",41,21,7,6,5,2,3838,0,0,3831,7,0,NA,NA,NA,NA,NA,NA,258,0,0,255,3,0,46,0,0,41,5,0,258,0,0,255,3,0
"201110","modis",152,23,28,36,49,16,3838,0,3,26,3791,18,NA,NA,NA,NA,NA,NA,332,0,3,17,298,14,57,0,3,22,17,15,332,0,3,17,298,14
"201111","modis",112,24,23,19,40,6,3838,0,0,36,3782,20,NA,NA,NA,NA,NA,NA,302,0,0,20,262,20,55,0,0,18,21,16,302,0,0,20,262,20
"201112","modis",163,14,20,34,62,33,3838,0,8,13,3798,19,NA,NA,NA,NA,NA,NA,313,0,8,4,285,16,60,0,6,10,31,13,313,0,8,4,285,16
"201201","viirs",91,30,27,17,15,2,3838,0,10,3817,11,0,85,0,1,75,9,0,229,0,4,217,8,0,62,0,5,46,11,0,85,0,1,75,9,0
"201202","viirs",12,10,2,0,0,0,3838,3838,0,0,0,0,0,0,0,0,0,0,189,189,0,0,0,0,83,83,0,0,0,0,0,0,0,0,0,0
"201203","viirs",41,20,7,6,8,0,3838,0,3726,95,17,0,0,0,0,0,0,0,113,0,83,18,12,0,146,0,80,53,13,0,0,0,0,0,0,0
"201204","viirs",20,13,6,1,0,0,3838,108,3730,0,0,0,0,0,0,0,0,0,101,6,95,0,0,0,49,27,22,0,0,0,0,0,0,0,0,0
"201205","viirs",8,8,0,0,0,0,3838,3838,0,0,0,0,0,0,0,0,0,0,114,114,0,0,0,0,15,15,0,0,0,0,0,0,0,0,0,0
"201206","viirs",42,29,11,2,0,0,3838,0,3838,0,0,0,0,0,0,0,0,0,160,0,160,0,0,0,82,0,82,0,0,0,0,0,0,0,0,0
"201207","viirs",7,7,0,0,0,0,0,0,0,0,0,0,0,0,0,0,0,0,0,0,0,0,0,0,0,0,0,0,0,0,0,0,0,0,0,0
"201208","viirs",23,17,6,0,0,0,3838,3756,82,0,0,0,0,0,0,0,0,0,185,161,24,0,0,0,81,47,34,0,0,0,0,0,0,0,0,0
"201209","viirs",163,70,75,18,0,0,3838,55,3781,2,0,0,93,12,80,1,0,0,243,10,233,0,0,0,104,32,70,2,0,0,93,12,80,1,0,0
"201210","viirs",485,59,120,142,138,26,3838,0,0,6,3829,3,203,0,0,4,196,3,424,0,0,4,417,3,127,0,0,6,118,3,203,0,0,4,196,3
"201211","viirs",499,43,101,209,133,13,3838,0,2,3575,257,4,40,0,2,13,22,3,293,0,2,214,73,4,127,0,2,48,73,4,40,0,2,13,22,3
"201212","viirs",247,67,79,61,28,12,3838,0,3,3817,18,0,33,0,0,26,7,0,299,0,3,281,15,0,104,0,3,85,16,0,33,0,0,26,7,0
"201301","viirs",490,53,70,141,167,59,3838,0,31,3635,157,15,74,0,5,10,47,12,261,0,17,185,45,14,92,0,9,17,51,15,74,0,5,10,47,12
"201302","viirs",403,44,63,122,148,26,3838,0,34,48,3747,9,42,0,0,0,35,7,268,0,13,13,233,9,98,0,14,22,53,9,42,0,0,0,35,7
"201303","viirs",173,42,63,54,14,0,3838,0,3702,134,2,0,0,0,0,0,0,0,165,0,155,10,0,0,52,0,22,28,2,0,0,0,0,0,0,0
"201304","viirs",133,68,57,6,2,0,3838,0,3838,0,0,0,0,0,0,0,0,0,101,0,101,0,0,0,92,0,92,0,0,0,0,0,0,0,0,0
"201305","viirs",85,67,18,0,0,0,3838,3830,8,0,0,0,0,0,0,0,0,0,99,98,1,0,0,0,90,82,8,0,0,0,0,0,0,0,0,0
"201306","viirs",19,16,3,0,0,0,3838,3773,65,0,0,0,0,0,0,0,0,0,118,115,3,0,0,0,93,60,33,0,0,0,0,0,0,0,0,0
"201307","viirs",15,12,2,1,0,0,3838,8,3830,0,0,0,9,0,9,0,0,0,154,6,148,0,0,0,18,8,10,0,0,0,9,0,9,0,0,0
"201308","viirs",6,6,0,0,0,0,3838,3836,2,0,0,0,0,0,0,0,0,0,181,181,0,0,0,0,23,23,0,0,0,0,0,0,0,0,0,0
"201309","viirs",20,14,5,1,0,0,3838,0,3838,0,0,0,0,0,0,0,0,0,190,0,190,0,0,0,62,0,62,0,0,0,0,0,0,0,0,0
"201310","viirs",113,55,45,11,2,0,3838,0,3838,0,0,0,0,0,0,0,0,0,232,0,232,0,0,0,97,0,97,0,0,0,0,0,0,0,0,0
"201311","viirs",215,57,76,52,28,2,3838,0,68,3763,7,0,41,0,12,24,5,0,299,0,18,274,7,0,82,0,42,33,7,0,41,0,12,24,5,0
"201312","viirs",13,12,1,0,0,0,3838,3838,0,0,0,0,22,22,0,0,0,0,223,223,0,0,0,0,29,29,0,0,0,0,22,22,0,0,0,0
"201401","viirs",15,14,1,0,0,0,3838,0,3838,0,0,0,0,0,0,0,0,0,282,0,282,0,0,0,34,0,34,0,0,0,0,0,0,0,0,0
"201402","viirs",16,14,2,0,0,0,3838,3838,0,0,0,0,0,0,0,0,0,0,86,86,0,0,0,0,63,63,0,0,0,0,0,0,0,0,0,0
"201403","viirs",17,17,0,0,0,0,3838,3838,0,0,0,0,0,0,0,0,0,0,136,136,0,0,0,0,67,67,0,0,0,0,0,0,0,0,0,0
"201404","viirs",27,27,0,0,0,0,3838,3838,0,0,0,0,0,0,0,0,0,0,104,104,0,0,0,0,141,141,0,0,0,0,0,0,0,0,0,0
"201405","viirs",17,16,1,0,0,0,3838,3838,0,0,0,0,0,0,0,0,0,0,159,159,0,0,0,0,47,47,0,0,0,0,0,0,0,0,0,0
"201406","viirs",15,14,1,0,0,0,3838,3835,3,0,0,0,0,0,0,0,0,0,139,139,0,0,0,0,56,53,3,0,0,0,0,0,0,0,0,0
"201407","viirs",34,16,3,5,9,1,3838,0,148,3529,143,18,104,0,0,28,58,18,220,0,23,132,47,18,139,0,42,57,30,10,104,0,0,28,58,18
"201408","viirs",256,47,57,72,75,5,3838,0,3460,302,74,2,234,0,25,133,74,2,212,0,127,46,37,2,306,0,129,104,71,2,234,0,25,133,74,2
"201409","viirs",122,36,26,30,25,5,3838,0,3575,189,59,15,111,0,60,17,26,8,297,0,213,37,32,15,264,0,170,34,45,15,111,0,60,17,26,8
"201410","viirs",59,30,12,7,7,3,3838,0,3623,177,38,0,88,0,74,14,0,0,260,0,211,35,14,0,113,0,77,27,9,0,88,0,74,14,0,0
"201411","viirs",91,25,26,24,13,3,3838,0,588,3219,31,0,158,0,42,86,30,0,533,0,198,304,31,0,91,0,44,28,19,0,158,0,42,86,30,0
"201412","viirs",5,4,1,0,0,0,NA,NA,NA,NA,NA,NA,0,0,0,0,0,0,0,0,0,0,0,0,0,0,0,0,0,0,0,0,0,0,0,0
"201501","viirs",3,3,0,0,0,0,NA,NA,NA,NA,NA,NA,0,0,0,0,0,0,0,0,0,0,0,0,0,0,0,0,0,0,0,0,0,0,0,0
"201502","viirs",3,3,0,0,0,0,NA,NA,NA,NA,NA,NA,0,0,0,0,0,0,0,0,0,0,0,0,0,0,0,0,0,0,0,0,0,0,0,0
"201503","viirs",11,11,0,0,0,0,3838,3838,0,0,0,0,0,0,0,0,0,0,132,132,0,0,0,0,30,30,0,0,0,0,0,0,0,0,0,0
"201504","viirs",4,4,0,0,0,0,NA,NA,NA,NA,NA,NA,0,0,0,0,0,0,0,0,0,0,0,0,0,0,0,0,0,0,0,0,0,0,0,0
"201505","viirs",3,3,0,0,0,0,NA,NA,NA,NA,NA,NA,0,0,0,0,0,0,0,0,0,0,0,0,0,0,0,0,0,0,0,0,0,0,0,0
"201506","viirs",6,6,0,0,0,0,3838,3838,0,0,0,0,10,10,0,0,0,0,130,130,0,0,0,0,21,21,0,0,0,0,10,10,0,0,0,0
"201507","viirs",2,2,0,0,0,0,NA,NA,NA,NA,NA,NA,0,0,0,0,0,0,0,0,0,0,0,0,0,0,0,0,0,0,0,0,0,0,0,0
"201508","viirs",2,2,0,0,0,0,NA,NA,NA,NA,NA,NA,0,0,0,0,0,0,0,0,0,0,0,0,0,0,0,0,0,0,0,0,0,0,0,0
"201509","viirs",84,34,26,19,3,2,3838,0,3717,117,4,0,60,0,18,40,2,0,267,0,238,28,1,0,170,0,115,51,4,0,60,0,18,40,2,0
"201510","viirs",284,62,63,67,73,19,3838,0,11,3688,125,14,225,0,6,124,83,12,310,0,10,227,61,12,382,0,11,246,111,14,225,0,6,124,83,12
"201511","viirs",312,33,49,68,115,47,3838,0,0,3285,508,45,154,0,0,76,56,22,332,0,0,194,113,25,159,0,0,58,79,22,154,0,0,76,56,22
"201512","viirs",361,53,72,108,103,25,3838,0,22,3553,244,19,191,0,16,109,62,4,322,0,9,234,70,9,168,0,19,62,78,9,191,0,16,109,62,4
"201601","viirs",349,33,48,111,150,7,3838,0,3536,235,67,0,52,0,0,19,33,0,457,0,299,95,63,0,137,0,40,40,57,0,52,0,0,19,33,0
"201602","viirs",324,35,87,107,82,13,3838,0,0,1,3837,0,51,0,0,1,50,0,331,0,0,1,330,0,130,0,0,1,129,0,51,0,0,1,50,0
"201603","viirs",133,66,38,27,2,0,3838,0,3809,29,0,0,0,0,0,0,0,0,188,0,173,15,0,0,155,0,134,21,0,0,0,0,0,0,0,0
"201604","viirs",246,80,110,46,8,2,3838,0,3822,16,0,0,0,0,0,0,0,0,133,0,130,3,0,0,156,0,143,13,0,0,0,0,0,0,0,0
"201605","viirs",79,48,27,4,0,0,3838,3689,149,0,0,0,0,0,0,0,0,0,105,102,3,0,0,0,136,116,20,0,0,0,0,0,0,0,0,0
"201606","viirs",3,3,0,0,0,0,NA,NA,NA,NA,NA,NA,0,0,0,0,0,0,NA,NA,NA,NA,NA,NA,0,0,0,0,0,0,0,0,0,0,0,0
"201607","viirs",5,5,0,0,0,0,NA,NA,NA,NA,NA,NA,0,0,0,0,0,0,0,0,0,0,0,0,0,0,0,0,0,0,0,0,0,0,0,0
"201608","viirs",36,31,5,0,0,0,3838,3838,0,0,0,0,0,0,0,0,0,0,157,157,0,0,0,0,143,143,0,0,0,0,0,0,0,0,0,0
"201609","viirs",165,36,39,34,33,23,3838,0,0,12,3816,10,121,0,0,0,112,9,215,0,0,4,206,5,122,0,0,2,110,10,121,0,0,0,112,9
"201610","viirs",448,55,65,106,186,36,3838,0,33,3573,213,19,229,0,0,54,156,19,291,0,7,144,122,18,127,0,10,27,71,19,229,0,0,54,156,19
"201611","viirs",391,23,61,112,149,46,3838,0,0,3745,92,1,237,0,0,177,59,1,286,0,0,227,58,1,215,0,0,140,74,1,237,0,0,177,59,1
"201612","viirs",299,40,61,87,90,21,3838,0,0,3753,84,1,79,0,0,56,23,0,223,0,0,190,32,1,119,0,0,55,63,1,79,0,0,56,23,0
"201701","viirs",274,55,59,65,87,8,3838,0,27,3761,50,0,0,0,0,0,0,0,305,0,15,278,12,0,72,0,17,28,27,0,0,0,0,0,0,0
"201702","viirs",320,48,82,105,79,6,3838,0,404,3390,44,0,0,0,0,0,0,0,208,0,74,131,3,0,136,0,41,72,23,0,0,0,0,0,0,0
"201703","viirs",258,63,101,79,15,0,3838,0,128,3708,2,0,0,0,0,0,0,0,130,0,19,111,0,0,112,0,28,82,2,0,0,0,0,0,0,0
"201704","viirs",168,59,75,30,4,0,3838,0,3832,6,0,0,0,0,0,0,0,0,132,0,132,0,0,0,103,0,97,6,0,0,0,0,0,0,0,0
"201705","viirs",79,51,26,2,0,0,3838,3829,9,0,0,0,0,0,0,0,0,0,139,137,2,0,0,0,89,82,7,0,0,0,0,0,0,0,0,0
"201706","viirs",37,20,16,1,0,0,3838,27,3811,0,0,0,0,0,0,0,0,0,157,7,150,0,0,0,36,15,21,0,0,0,0,0,0,0,0,0
"201707","viirs",17,17,0,0,0,0,3838,3838,0,0,0,0,0,0,0,0,0,0,132,132,0,0,0,0,59,59,0,0,0,0,0,0,0,0,0,0
"201708","viirs",8,7,1,0,0,0,3838,3838,0,0,0,0,0,0,0,0,0,0,156,156,0,0,0,0,23,23,0,0,0,0,0,0,0,0,0,0
"201709","viirs",5,5,0,0,0,0,NA,NA,NA,NA,NA,NA,0,0,0,0,0,0,0,0,0,0,0,0,0,0,0,0,0,0,0,0,0,0,0,0
"201710","viirs",70,43,19,8,0,0,3838,0,3838,0,0,0,12,0,12,0,0,0,426,0,426,0,0,0,138,0,138,0,0,0,12,0,12,0,0,0
"201711","viirs",124,42,29,24,25,4,3838,0,3688,115,33,2,129,0,33,63,31,2,268,0,200,42,24,2,78,0,37,24,15,2,129,0,33,63,31,2
"201712","viirs",224,61,55,55,43,10,3838,0,426,3332,80,0,131,0,0,65,66,0,307,0,48,203,56,0,139,0,56,34,49,0,131,0,0,65,66,0
"201801","viirs",116,27,23,42,23,1,3838,0,93,3701,44,0,21,0,2,15,4,0,380,0,47,292,41,0,157,0,25,95,37,0,21,0,2,15,4,0
"201802","viirs",82,25,19,23,15,0,3838,0,555,3263,20,0,0,0,0,0,0,0,145,0,26,107,12,0,148,0,46,83,19,0,0,0,0,0,0,0
"201803","viirs",236,35,50,83,59,9,3838,0,3121,638,79,0,0,0,0,0,0,0,167,0,98,52,17,0,125,0,33,36,56,0,0,0,0,0,0,0
"201804","viirs",190,56,55,43,30,6,3838,0,255,3569,14,0,0,0,0,0,0,0,96,0,12,78,6,0,105,0,40,53,12,0,0,0,0,0,0,0
"201805","viirs",116,49,44,18,5,0,3838,475,3348,15,0,0,0,0,0,0,0,0,121,16,98,7,0,0,121,50,61,10,0,0,0,0,0,0,0,0
"201806","viirs",297,43,50,86,99,19,3838,0,201,3592,42,3,68,0,3,33,29,3,104,0,24,69,9,2,147,0,73,33,38,3,68,0,3,33,29,3
"201807","viirs",286,49,49,62,64,62,3838,0,0,241,3459,138,116,0,0,0,25,91,157,0,0,32,74,51,118,0,0,37,23,58,116,0,0,0,25,91
"201808","viirs",614,53,75,122,173,191,3838,20,286,3368,89,75,270,0,0,120,80,70,262,0,2,139,53,68,213,10,33,49,54,67,270,0,0,120,80,70
"201809","viirs",525,54,105,132,158,76,3838,0,0,291,3476,71,616,0,0,118,431,67,373,0,0,50,255,68,301,0,0,76,154,71,616,0,0,118,431,67
"201810","viirs",449,69,99,93,116,72,3838,6,29,3248,475,80,745,0,5,412,250,78,639,0,0,374,194,71,421,6,13,198,129,75,745,0,5,412,250,78
"201811","viirs",500,52,61,100,170,117,3838,0,6,745,2989,98,822,0,0,200,525,97,679,0,4,216,367,92,445,0,5,140,217,83,822,0,0,200,525,97
"201812","viirs",145,35,38,51,20,1,3838,1,3670,167,0,0,284,0,174,110,0,0,583,0,442,141,0,0,99,1,59,39,0,0,284,0,174,110,0,0
"201901","viirs",165,50,41,36,23,15,3838,0,28,3579,196,35,49,0,0,14,13,22,506,0,10,376,92,28,197,0,10,96,65,26,49,0,0,14,13,22
"201902","viirs",11,6,1,2,2,0,3838,0,3714,88,36,0,0,0,0,0,0,0,175,0,133,21,21,0,36,0,20,8,8,0,0,0,0,0,0,0
"201903","viirs",4,4,0,0,0,0,NA,NA,NA,NA,NA,NA,0,0,0,0,0,0,0,0,0,0,0,0,0,0,0,0,0,0,0,0,0,0,0,0
"201904","viirs",6,6,0,0,0,0,3838,3838,0,0,0,0,0,0,0,0,0,0,136,136,0,0,0,0,17,17,0,0,0,0,0,0,0,0,0,0
"201905","viirs",49,41,8,0,0,0,3838,3838,0,0,0,0,0,0,0,0,0,0,105,105,0,0,0,0,45,45,0,0,0,0,0,0,0,0,0,0
"201906","viirs",14,14,0,0,0,0,3838,3838,0,0,0,0,0,0,0,0,0,0,88,88,0,0,0,0,129,129,0,0,0,0,0,0,0,0,0,0
"201907","viirs",6,6,0,0,0,0,3838,3838,0,0,0,0,0,0,0,0,0,0,134,134,0,0,0,0,14,14,0,0,0,0,0,0,0,0,0,0
"201908","viirs",13,11,1,1,0,0,3838,3831,7,0,0,0,0,0,0,0,0,0,161,161,0,0,0,0,111,104,7,0,0,0,0,0,0,0,0,0
"201909","viirs",47,29,9,7,2,0,3838,304,3527,7,0,0,133,0,128,5,0,0,180,16,163,1,0,0,159,59,93,7,0,0,133,0,128,5,0,0
"201910","viirs",196,34,19,39,75,29,3838,0,94,3559,115,70,101,0,0,5,43,53,307,0,7,218,44,38,288,0,56,75,88,69,101,0,0,5,43,53
"201911","viirs",405,33,44,57,150,121,3838,2,149,3476,166,45,194,0,4,48,107,35,392,0,18,193,137,44,280,2,28,72,133,45,194,0,4,48,107,35
"201912","viirs",108,36,33,23,16,0,3838,0,28,3789,21,0,91,0,0,76,15,0,414,0,7,391,16,0,91,0,11,69,11,0,91,0,0,76,15,0
"202001","viirs",56,42,9,5,0,0,3838,3332,462,44,0,0,0,0,0,0,0,0,279,155,80,44,0,0,217,121,74,22,0,0,0,0,0,0,0,0
"202002","viirs",14,11,2,1,0,0,3838,0,3838,0,0,0,0,0,0,0,0,0,247,0,247,0,0,0,38,0,38,0,0,0,0,0,0,0,0,0
"202003","viirs",14,11,3,0,0,0,3838,3838,0,0,0,0,0,0,0,0,0,0,102,102,0,0,0,0,24,24,0,0,0,0,0,0,0,0,0,0
"202004","viirs",5,5,0,0,0,0,NA,NA,NA,NA,NA,NA,0,0,0,0,0,0,0,0,0,0,0,0,0,0,0,0,0,0,0,0,0,0,0,0
"202005","viirs",9,7,2,0,0,0,3838,3683,155,0,0,0,0,0,0,0,0,0,104,96,8,0,0,0,21,18,3,0,0,0,0,0,0,0,0,0
"202006","viirs",5,3,2,0,0,0,NA,NA,NA,NA,NA,NA,0,0,0,0,0,0,0,0,0,0,0,0,0,0,0,0,0,0,0,0,0,0,0,0
"202007","viirs",2,1,0,1,0,0,NA,NA,NA,NA,NA,NA,0,0,0,0,0,0,0,0,0,0,0,0,0,0,0,0,0,0,0,0,0,0,0,0
"202008","viirs",9,8,0,1,0,0,3838,0,3838,0,0,0,0,0,0,0,0,0,128,0,128,0,0,0,48,0,48,0,0,0,0,0,0,0,0,0
"202009","viirs",13,12,1,0,0,0,3838,3838,0,0,0,0,0,0,0,0,0,0,327,327,0,0,0,0,54,54,0,0,0,0,0,0,0,0,0,0
"202010","viirs",8,7,1,0,0,0,3838,3832,6,0,0,0,0,0,0,0,0,0,348,348,0,0,0,0,30,26,4,0,0,0,0,0,0,0,0,0
"202011","viirs",37,14,15,8,0,0,3838,0,3829,9,0,0,0,0,0,0,0,0,380,0,373,7,0,0,57,0,51,6,0,0,0,0,0,0,0,0
"202012","viirs",193,39,48,35,47,24,3838,0,135,3516,141,46,144,0,3,24,75,42,338,0,39,186,75,38,113,0,43,19,23,28,144,0,3,24,75,42
"202101","viirs",169,21,27,49,57,15,3838,0,11,51,3773,3,153,0,3,24,125,1,235,0,0,7,226,2,83,0,8,33,39,3,153,0,3,24,125,1
"202102","viirs",147,34,41,48,24,0,3838,0,0,3829,9,0,50,0,0,46,4,0,192,0,0,186,6,0,76,0,0,68,8,0,50,0,0,46,4,0
"202103","viirs",226,37,60,90,35,4,3838,0,0,3808,30,0,27,0,0,16,11,0,122,0,0,118,4,0,81,0,0,59,22,0,27,0,0,16,11,0
"202104","viirs",273,62,87,86,31,7,3838,0,208,3628,2,0,18,0,18,0,0,0,110,0,29,79,2,0,120,0,66,52,2,0,18,0,18,0,0,0
"202105","viirs",298,68,98,91,29,12,3838,0,313,3511,14,0,43,0,4,32,7,0,165,0,12,142,11,0,129,0,27,89,13,0,43,0,4,32,7,0
"202106","viirs",376,60,86,119,95,16,3838,0,73,3730,32,3,0,0,0,0,0,0,127,0,7,109,10,1,154,0,57,73,21,3,0,0,0,0,0,0
"202107","viirs",467,38,57,107,162,103,3838,0,13,3643,143,39,124,0,2,34,57,31,169,0,7,127,12,23,145,0,13,65,34,33,124,0,2,34,57,31
"202108","viirs",390,50,83,83,117,57,3838,0,0,83,3723,32,210,0,0,32,147,31,261,0,0,25,214,22,146,0,0,42,73,31,210,0,0,32,147,31
"202109","viirs",325,52,66,97,90,20,3838,0,12,3641,151,34,450,0,9,296,111,34,515,0,10,385,91,29,504,0,5,371,109,19,450,0,9,296,111,34
"202110","viirs",582,86,117,182,151,46,3838,0,0,1005,2777,56,840,0,0,159,626,55,673,0,0,117,505,51,543,0,0,125,371,47,840,0,0,159,626,55
"202111","viirs",226,52,83,63,27,1,3838,0,0,3822,16,0,268,0,0,258,10,0,464,0,0,460,4,0,243,0,0,231,12,0,268,0,0,258,10,0
"202112","viirs",32,21,10,1,0,0,3838,1,3837,0,0,0,0,0,0,0,0,0,172,1,171,0,0,0,135,1,134,0,0,0,0,0,0,0,0,0
"202201","viirs",2,2,0,0,0,0,NA,NA,NA,NA,NA,NA,0,0,0,0,0,0,0,0,0,0,0,0,0,0,0,0,0,0,0,0,0,0,0,0
"202202","viirs",0,0,0,0,0,0,NA,NA,NA,NA,NA,NA,0,0,0,0,0,0,0,0,0,0,0,0,0,0,0,0,0,0,0,0,0,0,0,0
"202203","viirs",4,3,1,0,0,0,NA,NA,NA,NA,NA,NA,0,0,0,0,0,0,0,0,0,0,0,0,0,0,0,0,0,0,0,0,0,0,0,0
"202204","viirs",4,4,0,0,0,0,NA,NA,NA,NA,NA,NA,0,0,0,0,0,0,0,0,0,0,0,0,0,0,0,0,0,0,0,0,0,0,0,0
"202205","viirs",13,11,2,0,0,0,3838,3766,72,0,0,0,0,0,0,0,0,0,89,88,1,0,0,0,94,64,30,0,0,0,0,0,0,0,0,0
"202206","viirs",10,8,2,0,0,0,3838,3838,0,0,0,0,0,0,0,0,0,0,95,95,0,0,0,0,86,86,0,0,0,0,0,0,0,0,0,0
"202207","viirs",4,4,0,0,0,0,NA,NA,NA,NA,NA,NA,0,0,0,0,0,0,0,0,0,0,0,0,0,0,0,0,0,0,0,0,0,0,0,0
"202208","viirs",6,6,0,0,0,0,3838,3838,0,0,0,0,0,0,0,0,0,0,169,169,0,0,0,0,24,24,0,0,0,0,0,0,0,0,0,0
"202209","viirs",3,3,0,0,0,0,NA,NA,NA,NA,NA,NA,0,0,0,0,0,0,0,0,0,0,0,0,0,0,0,0,0,0,0,0,0,0,0,0
"202210","viirs",126,37,32,34,16,7,3838,0,93,3732,13,0,200,0,27,161,12,0,374,0,4,358,12,0,119,0,26,80,13,0,200,0,27,161,12,0
"202211","viirs",363,25,52,103,124,59,3838,0,0,3524,285,29,234,0,0,28,180,26,372,0,0,189,154,29,170,0,0,80,63,27,234,0,0,28,180,26
"202212","modis",260,43,51,70,69,27,3838,0,4,3790,37,7,NA,NA,NA,NA,NA,NA,305,0,4,268,26,7,167,0,4,122,34,7,305,0,4,268,26,7
"202301","viirs",363,63,117,117,60,6,3838,0,95,3700,43,0,130,0,6,99,25,0,228,0,7,192,29,0,198,0,46,116,36,0,130,0,6,99,25,0
"202302","viirs",478,37,81,146,161,53,3838,0,0,3674,143,21,175,0,0,78,80,17,252,0,0,167,64,21,194,0,0,72,101,21,175,0,0,78,80,17
"202303","viirs",475,66,112,147,117,33,3838,0,0,3594,243,1,119,0,0,43,75,1,169,0,0,116,53,0,176,0,0,72,103,1,119,0,0,43,75,1
"202304","viirs",270,80,97,74,18,1,3838,0,0,3838,0,0,46,0,0,46,0,0,136,0,0,136,0,0,124,0,0,124,0,0,46,0,0,46,0,0
"202305","viirs",171,91,63,16,1,0,3838,0,3838,0,0,0,0,0,0,0,0,0,124,0,124,0,0,0,146,0,146,0,0,0,0,0,0,0,0,0
"202306","viirs",13,13,0,0,0,0,3838,3838,0,0,0,0,0,0,0,0,0,0,83,83,0,0,0,0,71,71,0,0,0,0,0,0,0,0,0,0
"202307","viirs",5,5,0,0,0,0,NA,NA,NA,NA,NA,NA,0,0,0,0,0,0,0,0,0,0,0,0,0,0,0,0,0,0,0,0,0,0,0,0
"202308","viirs",1,1,0,0,0,0,NA,NA,NA,NA,NA,NA,0,0,0,0,0,0,0,0,0,0,0,0,0,0,0,0,0,0,0,0,0,0,0,0
"202309","viirs",2,2,0,0,0,0,NA,NA,NA,NA,NA,NA,0,0,0,0,0,0,0,0,0,0,0,0,0,0,0,0,0,0,0,0,0,0,0,0
"202310","viirs",33,30,3,0,0,0,3838,3838,0,0,0,0,0,0,0,0,0,0,237,237,0,0,0,0,108,108,0,0,0,0,0,0,0,0,0,0
"202311","viirs",1,1,0,0,0,0,NA,NA,NA,NA,NA,NA,0,0,0,0,0,0,0,0,0,0,0,0,0,0,0,0,0,0,0,0,0,0,0,0
"202312","viirs",0,0,0,0,0,0,NA,NA,NA,NA,NA,NA,0,0,0,0,0,0,0,0,0,0,0,0,0,0,0,0,0,0,0,0,0,0,0,0
"202401","viirs",1,1,0,0,0,0,NA,NA,NA,NA,NA,NA,0,0,0,0,0,0,0,0,0,0,0,0,0,0,0,0,0,0,0,0,0,0,0,0
"202402","viirs",0,0,0,0,0,0,NA,NA,NA,NA,NA,NA,0,0,0,0,0,0,0,0,0,0,0,0,0,0,0,0,0,0,0,0,0,0,0,0
"202403","viirs",5,5,0,0,0,0,NA,NA,NA,NA,NA,NA,0,0,0,0,0,0,0,0,0,0,0,0,0,0,0,0,0,0,0,0,0,0,0,0
"202404","viirs",1,1,0,0,0,0,NA,NA,NA,NA,NA,NA,0,0,0,0,0,0,0,0,0,0,0,0,0,0,0,0,0,0,0,0,0,0,0,0
"202405","viirs",1,1,0,0,0,0,NA,NA,NA,NA,NA,NA,0,0,0,0,0,0,0,0,0,0,0,0,0,0,0,0,0,0,0,0,0,0,0,0
"202406","viirs",1,1,0,0,0,0,NA,NA,NA,NA,NA,NA,0,0,0,0,0,0,0,0,0,0,0,0,0,0,0,0,0,0,0,0,0,0,0,0
"202407","viirs",0,0,0,0,0,0,NA,NA,NA,NA,NA,NA,0,0,0,0,0,0,0,0,0,0,0,0,0,0,0,0,0,0,0,0,0,0,0,0
"202408","viirs",0,0,0,0,0,0,NA,NA,NA,NA,NA,NA,0,0,0,0,0,0,0,0,0,0,0,0,0,0,0,0,0,0,0,0,0,0,0,0
"202409","viirs",58,25,20,12,1,0,3838,0,0,3838,0,0,282,0,0,282,0,0,353,0,0,353,0,0,56,0,0,56,0,0,282,0,0,282,0,0
"202410","viirs",172,40,41,56,29,6,3838,0,174,3259,405,0,375,0,0,100,275,0,778,0,39,446,293,0,294,0,36,99,159,0,375,0,0,100,275,0
"202411","viirs",244,43,65,96,39,1,3838,0,5,3814,19,0,341,0,4,318,19,0,NA,NA,NA,NA,NA,NA,251,0,4,236,11,0,341,0,4,318,19,0
"202412","viirs",375,67,115,128,54,11,3838,0,5,3604,204,25,278,0,0,124,129,25,NA,NA,NA,NA,NA,NA,242,0,5,159,58,20,278,0,0,124,129,25
"202501","modis",293,45,84,94,53,17,3838,0,24,3496,293,25,NA,NA,NA,NA,NA,NA,327,0,19,118,165,25,271,0,21,153,80,17,327,0,19,118,165,25
"202502","modis",187,62,57,35,27,6,3838,0,300,3511,27,0,NA,NA,NA,NA,NA,NA,119,0,31,67,21,0,149,0,53,72,24,0,119,0,31,67,21,0
"202503","modis",6,6,0,0,0,0,3838,3838,0,0,0,0,NA,NA,NA,NA,NA,NA,230,230,0,0,0,0,14,14,0,0,0,0,230,230,0,0,0,0
"202504","modis",4,4,0,0,0,0,NA,NA,NA,NA,NA,NA,NA,NA,NA,NA,NA,NA,0,0,0,0,0,0,0,0,0,0,0,0,0,0,0,0,0,0
"202505","modis",7,7,0,0,0,0,3838,3838,0,0,0,0,NA,NA,NA,NA,NA,NA,81,81,0,0,0,0,24,24,0,0,0,0,81,81,0,0,0,0
"202506","modis",4,4,0,0,0,0,NA,NA,NA,NA,NA,NA,NA,NA,NA,NA,NA,NA,0,0,0,0,0,0,0,0,0,0,0,0,0,0,0,0,0,0
"202507","modis",5,5,0,0,0,0,NA,NA,NA,NA,NA,NA,NA,NA,NA,NA,NA,NA,0,0,0,0,0,0,0,0,0,0,0,0,0,0,0,0,0,0
"202508","modis",5,4,1,0,0,0,NA,NA,NA,NA,NA,NA,NA,NA,NA,NA,NA,NA,0,0,0,0,0,0,0,0,0,0,0,0,0,0,0,0,0,0
"202509","modis",10,8,2,0,0,0,3838,3838,0,0,0,0,NA,NA,NA,NA,NA,NA,202,202,0,0,0,0,33,33,0,0,0,0,202,202,0,0,0,0
"202510","pred",58,16,10,13,12,7,3838,0,497,3167,169,5,NA,NA,NA,NA,NA,NA,NA,NA,NA,NA,NA,NA,193,0,138,37,15,3,193,0,138,37,15,3
"202511","pred",71,19,19,14,16,3,3838,0,3739,87,11,1,NA,NA,NA,NA,NA,NA,NA,NA,NA,NA,NA,NA,57,0,34,14,8,1,57,0,34,14,8,1
"202512","pred",108,29,24,38,17,0,3838,0,103,3730,5,0,NA,NA,NA,NA,NA,NA,NA,NA,NA,NA,NA,NA,40,0,17,18,5,0,40,0,17,18,5,0
"202601","pred",91,29,28,24,9,1,3838,0,3808,29,1,0,NA,NA,NA,NA,NA,NA,NA,NA,NA,NA,NA,NA,74,0,57,16,1,0,74,0,57,16,1,0
"202602","pred",27,18,9,0,0,0,3838,0,3838,0,0,0,NA,NA,NA,NA,NA,NA,NA,NA,NA,NA,NA,NA,44,0,44,0,0,0,44,0,44,0,0,0
"202603","pred",22,22,0,0,0,0,3838,3838,0,0,0,0,NA,NA,NA,NA,NA,NA,NA,NA,NA,NA,NA,NA,61,61,0,0,0,0,61,61,0,0,0,0
"202604","pred",14,14,0,0,0,0,3838,3838,0,0,0,0,NA,NA,NA,NA,NA,NA,NA,NA,NA,NA,NA,NA,116,116,0,0,0,0,116,116,0,0,0,0
"202605","pred",9,9,0,0,0,0,3838,3838,0,0,0,0,NA,NA,NA,NA,NA,NA,NA,NA,NA,NA,NA,NA,23,23,0,0,0,0,23,23,0,0,0,0
"202606","pred",4,4,0,0,0,0,NA,NA,NA,NA,NA,NA,NA,NA,NA,NA,NA,NA,NA,NA,NA,NA,NA,NA,0,0,0,0,0,0,0,0,0,0,0,0
"202607","pred",1,1,0,0,0,0,NA,NA,NA,NA,NA,NA,NA,NA,NA,NA,NA,NA,NA,NA,NA,NA,NA,NA,0,0,0,0,0,0,0,0,0,0,0,0
"202608","pred",5,5,0,0,0,0,NA,NA,NA,NA,NA,NA,NA,NA,NA,NA,NA,NA,NA,NA,NA,NA,NA,NA,0,0,0,0,0,0,0,0,0,0,0,0
"202609","pred",1,1,0,0,0,0,NA,NA,NA,NA,NA,NA,NA,NA,NA,NA,NA,NA,NA,NA,NA,NA,NA,NA,0,0,0,0,0,0,0,0,0,0,0,0
"202610","pred",NA,NA,NA,NA,NA,NA,NA,NA,NA,NA,NA,NA,NA,NA,NA,NA,NA,NA,NA,NA,NA,NA,NA,NA,0,0,0,0,0,0,0,0,0,0,0,0
"202611","pred",NA,NA,NA,NA,NA,NA,NA,NA,NA,NA,NA,NA,NA,NA,NA,NA,NA,NA,NA,NA,NA,NA,NA,NA,0,0,0,0,0,0,0,0,0,0,0,0
"202612","pred",NA,NA,NA,NA,NA,NA,NA,NA,NA,NA,NA,NA,NA,NA,NA,NA,NA,NA,NA,NA,NA,NA,NA,NA,0,0,0,0,0,0,0,0,0,0,0,0
